-- phpMyAdmin SQL Dump
-- version 5.0.2
-- https://www.phpmyadmin.net/
--
-- Host: 127.0.0.1
-- Generation Time: Nov 17, 2020 at 05:22 AM
-- Server version: 10.1.38-MariaDB
-- PHP Version: 7.4.8

SET SQL_MODE = "NO_AUTO_VALUE_ON_ZERO";
START TRANSACTION;
SET time_zone = "+00:00";


/*!40101 SET @OLD_CHARACTER_SET_CLIENT=@@CHARACTER_SET_CLIENT */;
/*!40101 SET @OLD_CHARACTER_SET_RESULTS=@@CHARACTER_SET_RESULTS */;
/*!40101 SET @OLD_COLLATION_CONNECTION=@@COLLATION_CONNECTION */;
/*!40101 SET NAMES utf8mb4 */;

--
-- Database: `garev`
--

-- --------------------------------------------------------

--
-- Table structure for table `aset_kendaraan`
--

CREATE TABLE `aset_kendaraan` (
  `id_aset_kendaraan` int(11) NOT NULL,
  `plat_kendaraan` varchar(10) NOT NULL,
  `nama_kendaraan` varchar(50) NOT NULL,
  `merek_kendaraan` varchar(50) NOT NULL,
  `lokasi_id` int(11) NOT NULL,
  `pic` varchar(50) NOT NULL,
  `keterangan` text,
  `created` datetime NOT NULL DEFAULT CURRENT_TIMESTAMP,
  `updated` datetime DEFAULT NULL
) ENGINE=InnoDB DEFAULT CHARSET=latin1;

--
-- Dumping data for table `aset_kendaraan`
--

INSERT INTO `aset_kendaraan` (`id_aset_kendaraan`, `plat_kendaraan`, `nama_kendaraan`, `merek_kendaraan`, `lokasi_id`, `pic`, `keterangan`, `created`, `updated`) VALUES
(5, 'B 1267 TRG', 'Inova', 'Toyota', 5, 'Siska', 'Baik', '2020-06-10 10:05:38', '2020-06-10 06:01:34'),
(6, 'B 1785 TOM', 'Isuzu', 'Panther', 5, 'Siska', 'Baik', '2020-06-10 10:09:48', '2020-06-10 06:01:55'),
(7, 'B 1784 TOM', 'Isuzu', 'Panther', 5, 'Siska', 'Baik', '2020-06-10 10:12:08', '2020-06-10 06:02:02'),
(8, 'B 9578 TCC', 'Fuso Colt Diesel', 'Mitshubishi', 5, 'Siska', 'Baik', '2020-06-10 10:13:58', '2020-06-10 06:02:08'),
(9, 'B 9579 TCC', 'Fuso Colt Diesel', 'Mitshubishi', 5, 'Siska', 'Baik', '2020-06-10 10:20:33', '2020-06-10 06:02:15'),
(10, 'B 9581 TCC', 'Fuso Colt Diesel', 'Mitshubishi', 5, 'Siska', 'Baik', '2020-06-10 10:23:11', '2020-06-10 06:02:23'),
(11, 'KT 8730 LK', 'Izusu  Panther Pick up', 'Panther', 5, 'Siska', 'Baik', '2020-06-10 10:24:12', '2020-06-10 06:02:29'),
(12, 'KT 8521 LV', 'Strada Double Cabin', 'Mitshubishi', 5, 'Siska', 'Rusak', '2020-06-10 10:25:10', '2020-06-10 06:02:36'),
(13, 'KT 8525 LV', 'Strada Double Cabin', 'Mitshubishi', 5, 'Siska', 'Rusak', '2020-06-10 10:29:25', '2020-06-10 06:02:42'),
(14, 'KT 8524 KM', 'Isuzu', 'Panther', 5, 'Siska', 'Rusak', '2020-06-10 10:30:11', '2020-06-10 06:02:50'),
(15, 'KT 6995 K', 'Beat', 'Honda', 7, 'Siska', 'Baik', '2020-06-10 10:34:38', NULL),
(16, 'KT 8527 VS', 'L-300 PICK UP', 'MITSUBISHI', 5, 'Siska', 'Baik', '2020-06-10 10:36:02', NULL),
(17, 'KT 1428 ZN', 'Inova', 'Toyota', 8, 'Siska', 'Baik ( PHKT PRCC)', '2020-06-10 10:38:40', '2020-06-10 06:02:59'),
(18, 'KT 8780 YN', 'Strada Box', 'MITSUBISHI', 8, 'Siska', 'Baik  (PHKT LAWE-LAWE)', '2020-06-10 10:40:04', '2020-06-10 06:03:07'),
(19, 'B 9897 TBB', 'STRADA DOUBLE CABIN', 'Mitshubishi', 8, 'Siska', 'Baik', '2020-06-10 10:47:38', '2020-06-10 06:03:15'),
(20, 'Null', 'Sepeda', 'Null', 8, 'Siska', 'Baik', '2020-06-10 10:48:44', '2020-06-10 06:03:22'),
(21, 'B 1553 TYC', 'Avanza', 'Toyota', 6, 'Siska', 'Baik', '2020-06-10 10:49:36', '2020-06-10 06:03:31'),
(22, 'B 1972 TOJ', 'Toyota', 'Avanza', 3, 'Rindy S', 'Baik', '2020-06-10 10:50:31', NULL),
(23, 'B 1757 TRG', 'Inova', 'Toyota', 3, 'Ndaru Adi P', 'Baik', '2020-06-10 10:51:07', NULL),
(24, 'B 9704 TCG', 'L300 PU STD', 'Mitshubishi', 9, 'Idris', 'Baik', '2020-08-07 16:43:30', NULL),
(25, 'B 9705 TCG', 'L-300 PU STD-R 4 X 2', 'Mitshubishi', 9, 'Idris', 'Baik\r\n', '2020-08-07 16:45:14', NULL),
(26, 'B 9755 TCG', 'L 300 PU FB', 'Mitshubishi', 9, 'Idris', 'Baik\r\n', '2020-08-07 16:46:44', NULL),
(27, 'B 9758 TCG', 'L 300 PU FB', 'Mitshubishi', 9, 'Idris', 'Baik', '2020-08-07 16:47:19', NULL),
(28, 'B 9757  TC', 'L300 PU F3', 'Mitshubishi', 9, 'Idris', 'Baik', '2020-08-07 16:48:20', NULL),
(29, 'B 9756 TCG', 'L 300 PU FB', 'Mitshubishi', 9, 'Idris', 'Baik', '2020-08-07 16:48:55', NULL),
(30, 'B 9703 TCG', 'L300 PU STD', 'Mitshubishi', 9, 'Idris', 'Baik', '2020-08-07 16:49:42', NULL);

-- --------------------------------------------------------

--
-- Table structure for table `category`
--

CREATE TABLE `category` (
  `category_id` int(11) NOT NULL,
  `name` varchar(225) NOT NULL,
  `created` datetime NOT NULL DEFAULT CURRENT_TIMESTAMP,
  `updated` datetime DEFAULT NULL
) ENGINE=InnoDB DEFAULT CHARSET=latin1;

--
-- Dumping data for table `category`
--

INSERT INTO `category` (`category_id`, `name`, `created`, `updated`) VALUES
(155, 'PRINTING', '0000-00-00 00:00:00', '2020-08-03 06:32:57'),
(156, 'ATK', '0000-00-00 00:00:00', '0000-00-00 00:00:00'),
(157, 'TINTA', '0000-00-00 00:00:00', '0000-00-00 00:00:00');

-- --------------------------------------------------------

--
-- Table structure for table `departement`
--

CREATE TABLE `departement` (
  `departement_id` int(11) NOT NULL,
  `nama_dept` varchar(50) NOT NULL,
  `created` datetime NOT NULL DEFAULT CURRENT_TIMESTAMP,
  `updated` datetime DEFAULT NULL
) ENGINE=InnoDB DEFAULT CHARSET=latin1;

--
-- Dumping data for table `departement`
--

INSERT INTO `departement` (`departement_id`, `nama_dept`, `created`, `updated`) VALUES
(2, 'HRGA', '2020-04-18 15:21:27', '2020-04-18 10:29:06'),
(3, 'FINANCE', '2020-06-05 22:32:56', NULL),
(4, 'IT', '2020-06-05 22:33:01', NULL),
(5, 'MARKETING', '2020-06-05 22:33:10', NULL),
(6, 'BOD', '2020-06-05 22:33:42', NULL),
(7, 'AREA', '2020-06-09 16:28:18', NULL),
(8, 'PURCHASING', '2020-06-09 16:49:56', NULL),
(9, 'MANAGEMENT', '2020-06-24 15:47:39', NULL),
(10, 'HSE', '2020-08-04 14:54:23', NULL);

-- --------------------------------------------------------

--
-- Table structure for table `item`
--

CREATE TABLE `item` (
  `item_id` int(11) NOT NULL,
  `barcode` varchar(100) NOT NULL,
  `name` varchar(100) DEFAULT NULL,
  `category_id` int(11) DEFAULT NULL,
  `unit_id` int(11) DEFAULT NULL,
  `price` int(20) NOT NULL,
  `stock` int(10) NOT NULL DEFAULT '0',
  `image` varchar(100) DEFAULT NULL,
  `created` datetime NOT NULL DEFAULT CURRENT_TIMESTAMP,
  `updated` datetime DEFAULT NULL
) ENGINE=InnoDB DEFAULT CHARSET=latin1;

--
-- Dumping data for table `item`
--

INSERT INTO `item` (`item_id`, `barcode`, `name`, `category_id`, `unit_id`, `price`, `stock`, `image`, `created`, `updated`) VALUES
(460, 'GA01082020001', 'ACO', 156, 144, 15000, 6, '', '0000-00-00 00:00:00', '0000-00-00 00:00:00'),
(461, 'GA01082020002', 'AMPLOP GDSK A4', 155, 144, 0, 1150, '', '0000-00-00 00:00:00', '0000-00-00 00:00:00'),
(462, 'GA01082020003', 'AMPLOP GDSK F4', 155, 144, 0, 500, '', '0000-00-00 00:00:00', '0000-00-00 00:00:00'),
(463, 'GA01082020004', 'DEVIDER 1-10', 156, 145, 20000, 38, '', '0000-00-00 00:00:00', '0000-00-00 00:00:00'),
(464, 'GA01082020005', 'DEVIDER 1-31', 156, 145, 42000, 8, '', '0000-00-00 00:00:00', '0000-00-00 00:00:00'),
(465, 'GA01082020006', 'Baterai Alkaline Size AA', 156, 145, 12000, 6, '', '0000-00-00 00:00:00', '2020-08-07 11:18:28'),
(466, 'GA01082020007', 'BATRE ABC UKURAN 1 5', 156, 144, 0, 0, '', '0000-00-00 00:00:00', '0000-00-00 00:00:00'),
(467, 'GA01082020008', 'Batrei alkaline size AAA', 156, 145, 12000, 29, '', '0000-00-00 00:00:00', '2020-08-07 11:18:43'),
(468, 'GA01082020009', 'BILL', 155, 144, 8500, 97, '', '0000-00-00 00:00:00', '0000-00-00 00:00:00'),
(469, 'GA01082020010', 'BIN CARD', 155, 144, 450, 6600, '', '0000-00-00 00:00:00', '0000-00-00 00:00:00'),
(470, 'GA01082020011', 'BINDER CLIP 107', 156, 145, 4500, 60, '', '0000-00-00 00:00:00', '0000-00-00 00:00:00'),
(471, 'GA01082020012', 'BINDER CLIPS 105', 156, 145, 3500, 34, '', '0000-00-00 00:00:00', '0000-00-00 00:00:00'),
(472, 'GA01082020013', 'BINDER CLIPS NO 111', 156, 145, 7500, 5, '', '0000-00-00 00:00:00', '0000-00-00 00:00:00'),
(473, 'GA01082020014', 'BINDER CLIPS NO 155', 156, 145, 10000, 8, '', '0000-00-00 00:00:00', '0000-00-00 00:00:00'),
(474, 'GA01082020015', 'BINDER CLIPS NO 200', 156, 145, 15000, 6, '', '0000-00-00 00:00:00', '0000-00-00 00:00:00'),
(475, 'GA01082020016', 'BINDER CLIPS NO 260', 156, 145, 20000, 3, '', '0000-00-00 00:00:00', '0000-00-00 00:00:00'),
(476, 'GA01082020017', 'BINDEX BOX FILE BESAR', 156, 144, 26500, 10, '', '0000-00-00 00:00:00', '2020-08-07 11:20:20'),
(477, 'GA01082020018', 'BUKTI TANDA TERIMA KWITANSI', 155, 144, 12000, 4, '', '0000-00-00 00:00:00', '0000-00-00 00:00:00'),
(478, 'GA01082020019', 'BUKU KWITANSI', 155, 144, 3500, 11, '', '0000-00-00 00:00:00', '0000-00-00 00:00:00'),
(479, 'GA01082020020', 'BUKU POLIO BESAR', 155, 144, 0, 3, '', '0000-00-00 00:00:00', '2020-10-07 07:29:33'),
(480, 'GA01082020021', 'BUKU POLIO PANJANG', 155, 144, 0, 4, '', '0000-00-00 00:00:00', '2020-10-07 07:29:41'),
(481, 'GA01082020022', 'BUKU POLIO SEDANG', 155, 144, 15000, 0, '', '0000-00-00 00:00:00', '0000-00-00 00:00:00'),
(482, 'GA01082020023', 'BUSINESS FILE A4', 156, 144, 3000, 12, '', '0000-00-00 00:00:00', '0000-00-00 00:00:00'),
(483, 'GA01082020024', 'CARD HOLDER', 156, 144, 0, 1, '', '0000-00-00 00:00:00', '0000-00-00 00:00:00'),
(484, 'GA01082020025', 'CASH ADVANCE', 155, 144, 0, 17, '', '0000-00-00 00:00:00', '0000-00-00 00:00:00'),
(485, 'GA01082020026', 'CLEAR HOLDER / SLEVESS  DAICHI  A4', 156, 144, 2500, 32, '', '0000-00-00 00:00:00', '2020-08-07 10:55:39'),
(486, 'GA01082020027', 'CLEAR HOLDER / SLEVESS  DAICHI F4 ', 156, 144, 2700, 40, '', '0000-00-00 00:00:00', '2020-08-07 11:07:59'),
(487, 'GA01082020028', 'DAFTAR PERMINTAAN MAKANAN PASIEN', 155, 144, 0, 54, '', '0000-00-00 00:00:00', '0000-00-00 00:00:00'),
(488, 'GA01082020029', 'Daftar Serah Terima Produk', 155, 144, 25000, 44, '', '0000-00-00 00:00:00', '0000-00-00 00:00:00'),
(490, 'GA01082020031', 'DAILY CHECK LIST TEMPERATUR REFFER CONTAINER', 155, 144, 0, 29, '', '0000-00-00 00:00:00', '2020-10-07 07:29:59'),
(491, 'GA01082020032', 'DAILY MEAL COUNT SHEET', 155, 144, 0, 28, '', '0000-00-00 00:00:00', '2020-10-07 07:30:13'),
(492, 'GA01082020033', 'DAILY MEALAND ACCOMODATION', 155, 144, 0, 39, '', '0000-00-00 00:00:00', '2020-10-07 07:30:24'),
(493, 'GA01082020034', 'DAILY ORDER KECIL', 155, 144, 15000, 74, '', '0000-00-00 00:00:00', '0000-00-00 00:00:00'),
(494, 'GA01082020035', 'DAILY ORDER PANJANG', 155, 144, 0, 105, '', '0000-00-00 00:00:00', '2020-10-07 07:32:06'),
(495, 'GA01082020036', 'double tip', 156, 144, 10000, 5, '', '0000-00-00 00:00:00', '0000-00-00 00:00:00'),
(496, 'GA01082020037', 'CORRECTION TAPE', 156, 144, 6000, 7, '', '0000-00-00 00:00:00', '0000-00-00 00:00:00'),
(497, 'GA01082020038', 'FLASIDSK SANDISK 8GB', 156, 144, 65000, 3, '', '0000-00-00 00:00:00', '0000-00-00 00:00:00'),
(498, 'GA01082020039', 'FORMULIR IJIN TIDAK MASUK KERJA', 155, 144, 0, 60, '', '0000-00-00 00:00:00', '2020-10-07 07:31:21'),
(499, 'GA01082020040', 'GLOSSY POTO PAPER', 156, 145, 28000, 2, '', '0000-00-00 00:00:00', '0000-00-00 00:00:00'),
(500, 'GA01082020041', 'GUNTING', 156, 144, 10000, 2, '', '0000-00-00 00:00:00', '0000-00-00 00:00:00'),
(501, 'GA01082020042', 'HAND TALLY', 156, 144, 13000, 4, '', '0000-00-00 00:00:00', '0000-00-00 00:00:00'),
(502, 'GA01082020043', 'INK ROLLER', 157, 144, 0, 6, '', '0000-00-00 00:00:00', '0000-00-00 00:00:00'),
(503, 'GA01082020044', 'INTER OUTLEET/DEPT TRANSFER', 155, 144, 0, 58, '', '0000-00-00 00:00:00', '2020-10-07 07:31:33'),
(504, 'GA01082020045', 'ISI KARTER BESAR L1500', 156, 144, 10000, 0, '', '0000-00-00 00:00:00', '0000-00-00 00:00:00'),
(505, 'GA01082020046', 'ISI KARTER KECIL L100', 156, 144, 5000, 10, '', '0000-00-00 00:00:00', '0000-00-00 00:00:00'),
(506, 'GA01082020047', 'ISI STAPLES UKURAN 10', 156, 145, 3000, 55, '', '0000-00-00 00:00:00', '0000-00-00 00:00:00'),
(507, 'GA01082020048', 'ISI STAPLES UKURAN 3', 156, 145, 5000, 84, '', '0000-00-00 00:00:00', '0000-00-00 00:00:00'),
(508, 'GA01082020049', 'KALKULATOR', 156, 144, 95000, 0, '', '0000-00-00 00:00:00', '0000-00-00 00:00:00'),
(509, 'GA01082020050', 'KARTER L500', 156, 144, 20000, 2, '', '0000-00-00 00:00:00', '0000-00-00 00:00:00'),
(510, 'GA01082020051', 'KERTAS A4 75 GR', 156, 147, 39000, 16, '', '0000-00-00 00:00:00', '2020-10-06 08:41:43'),
(511, 'GA01082020052', 'KERTAS F4 80 GR', 156, 147, 52500, 1, '', '0000-00-00 00:00:00', '2020-10-06 08:42:14'),
(512, 'GA01082020053', 'KERTAS KOP SURAT A4 GDSK', 155, 147, 150000, 4, '', '0000-00-00 00:00:00', '0000-00-00 00:00:00'),
(513, 'GA01082020054', 'kertas samson', 156, 145, 87500, 1, '', '0000-00-00 00:00:00', '0000-00-00 00:00:00'),
(514, 'GA01082020055', 'KERTAS STRUCK CASHIER 58 X 48', 156, 144, 35000, 11, '', '0000-00-00 00:00:00', '0000-00-00 00:00:00'),
(515, 'GA01082020056', 'KERTAS STRUK 75 X 65', 156, 144, 0, 20, '', '0000-00-00 00:00:00', '0000-00-00 00:00:00'),
(516, 'GA01082020057', 'KERTAS WARNA A4', 156, 147, 65000, 0, '', '0000-00-00 00:00:00', '0000-00-00 00:00:00'),
(517, 'GA01082020058', 'KERTAS WARNA F4', 156, 147, 75000, 0, '', '0000-00-00 00:00:00', '0000-00-00 00:00:00'),
(518, 'GA01082020059', 'LABEL TOM JERRY 105', 156, 145, 5000, 0, '', '0000-00-00 00:00:00', '0000-00-00 00:00:00'),
(519, 'GA01082020060', 'LABEL TOM JERRY 121', 156, 145, 6000, 0, '', '0000-00-00 00:00:00', '0000-00-00 00:00:00'),
(520, 'GA01082020061', 'LABEL TOM JERRY 124', 156, 145, 7000, 25, '', '0000-00-00 00:00:00', '0000-00-00 00:00:00'),
(521, 'GA01082020062', 'LABEL TOM JERRY 98', 156, 145, 7000, 25, '', '0000-00-00 00:00:00', '0000-00-00 00:00:00'),
(522, 'GA01082020063', 'Lakban Bening ', 156, 144, 10500, 10, '', '0000-00-00 00:00:00', '2020-08-07 11:21:38'),
(523, 'GA01082020064', 'lakban coklat', 156, 144, 13000, 9, '', '0000-00-00 00:00:00', '0000-00-00 00:00:00'),
(524, 'GA01082020065', 'Lakban Hitam', 156, 144, 13000, 1, '', '0000-00-00 00:00:00', '0000-00-00 00:00:00'),
(525, 'GA01082020066', 'lAMINATING A4', 156, 145, 130000, 0, '', '0000-00-00 00:00:00', '0000-00-00 00:00:00'),
(526, 'GA01082020067', 'LAMINATING F4', 156, 145, 130000, 0, '', '0000-00-00 00:00:00', '0000-00-00 00:00:00'),
(527, 'GA01082020068', 'LAMINATING FILM UKURAN KARTU ISI 100', 156, 144, 35000, 6, '', '0000-00-00 00:00:00', '0000-00-00 00:00:00'),
(528, 'GA01082020069', 'LAMINATING FILM UKURAN KARTU ISI 200', 156, 144, 35000, 2, '', '0000-00-00 00:00:00', '0000-00-00 00:00:00'),
(529, 'GA01082020070', 'LAPORAN DINAS PERJALANAN KENDARAAN', 155, 144, 18000, 26, '', '0000-00-00 00:00:00', '0000-00-00 00:00:00'),
(530, 'GA01082020071', 'LAUNDRY GDSK', 155, 144, 0, 49, '', '0000-00-00 00:00:00', '0000-00-00 00:00:00'),
(531, 'GA01082020072', 'LAUNDRY LIST CSTS', 155, 144, 0, 300, '', '0000-00-00 00:00:00', '2020-10-07 07:30:42'),
(532, 'GA01082020073', 'LEM UHU', 156, 144, 25000, 17, '', '0000-00-00 00:00:00', '0000-00-00 00:00:00'),
(533, 'GA01082020074', 'LOG BOOK PELAYANAN ', 155, 144, 12000, 43, '', '0000-00-00 00:00:00', '0000-00-00 00:00:00'),
(534, 'GA01082020075', 'Materai 6000', 156, 144, 6000, 20, '', '0000-00-00 00:00:00', '2020-10-06 10:33:26'),
(535, 'GA01082020076', 'MEAL COUNT SHEET RECORD', 155, 144, 25000, 29, '', '0000-00-00 00:00:00', '0000-00-00 00:00:00'),
(536, 'GA01082020077', 'MINUTES OF MEETING', 155, 144, 25000, 34, '', '0000-00-00 00:00:00', '0000-00-00 00:00:00'),
(537, 'GA01082020078', 'MOUSE LOGITECH', 156, 144, 140000, 1, '', '0000-00-00 00:00:00', '2020-10-30 08:27:50'),
(538, 'GA01082020079', 'NOTA KONTAN', 155, 144, 0, 12, '', '0000-00-00 00:00:00', '2020-10-07 07:27:02'),
(539, 'GA01082020080', 'ODNER 60 INCH BANTEK PUTIH', 156, 144, 70000, 6, '', '0000-00-00 00:00:00', '0000-00-00 00:00:00'),
(540, 'GA01082020081', 'ODNER 717 BINDEX', 156, 146, 282000, 5, '', '0000-00-00 00:00:00', '2020-08-07 11:15:12'),
(541, 'GA01082020082', 'ODNER 80 INCH BANTEX PUTIH', 156, 144, 75000, 2, '', '0000-00-00 00:00:00', '0000-00-00 00:00:00'),
(542, 'GA01082020083', 'ORINGIN LAKBAN', 156, 144, 12000, 2, '', '0000-00-00 00:00:00', '0000-00-00 00:00:00'),
(543, 'GA01082020084', 'PAPAN JALAN', 156, 144, 12000, 20, '', '0000-00-00 00:00:00', '0000-00-00 00:00:00'),
(544, 'GA01082020085', 'PAPER CLIPS NO 5', 156, 145, 50000, 4, '', '0000-00-00 00:00:00', '0000-00-00 00:00:00'),
(545, 'GA01082020086', 'PAPER FASTENER', 156, 145, 0, 0, '', '0000-00-00 00:00:00', '0000-00-00 00:00:00'),
(546, 'GA01082020087', 'PAYMENT BANK VOUCHER', 155, 144, 16000, 41, '', '0000-00-00 00:00:00', '0000-00-00 00:00:00'),
(547, 'GA01082020088', 'PEMBATAS ODNER', 156, 144, 0, 0, '', '0000-00-00 00:00:00', '0000-00-00 00:00:00'),
(548, 'GA01082020089', 'PEMBOLONG KERTAS BESAR', 156, 145, 70000, 4, '', '0000-00-00 00:00:00', '0000-00-00 00:00:00'),
(549, 'GA01082020090', 'PEMBOLONG KERTAS KECIL', 156, 144, 70000, 3, '', '0000-00-00 00:00:00', '0000-00-00 00:00:00'),
(550, 'GA01082020091', 'PEMBUKA STAPLES (KANGARO)', 156, 144, 0, 0, '', '0000-00-00 00:00:00', '0000-00-00 00:00:00'),
(551, 'GA01082020092', 'PENGGARIS BESAR 60 cm', 156, 144, 20000, 1, '', '0000-00-00 00:00:00', '0000-00-00 00:00:00'),
(552, 'GA01082020093', 'PENGGARIS SEDANG 30 cm', 156, 144, 10000, 0, '', '0000-00-00 00:00:00', '0000-00-00 00:00:00'),
(553, 'GA01082020094', 'PENGHAPUS PAPAN TULIS', 156, 144, 14000, 1, '', '0000-00-00 00:00:00', '0000-00-00 00:00:00'),
(554, 'GA01082020095', 'PENGHAPUSAN', 156, 144, 1000, 22, '', '0000-00-00 00:00:00', '0000-00-00 00:00:00'),
(555, 'GA01082020096', 'PENJEPIT BUKU', 156, 144, 0, 1, '', '0000-00-00 00:00:00', '0000-00-00 00:00:00'),
(556, 'GA01082020097', 'PENSIL', 156, 144, 5000, 1, '', '0000-00-00 00:00:00', '0000-00-00 00:00:00'),
(557, 'GA01082020098', 'PETTY CASH VOUCHER', 155, 144, 12000, 49, '', '0000-00-00 00:00:00', '0000-00-00 00:00:00'),
(558, 'GA01082020099', 'PLASTIC SHEET PROTECTOR A4', 156, 145, 42000, 4, '', '0000-00-00 00:00:00', '2020-08-07 11:10:29'),
(559, 'GA01082020100', 'PLASTIC SHEET PROTECTOR F4', 156, 145, 50000, 8, '', '0000-00-00 00:00:00', '2020-08-07 11:11:03'),
(560, 'GA01082020101', 'POST IT KECIL WARNA WARNI', 156, 144, 10000, 4, '', '0000-00-00 00:00:00', '0000-00-00 00:00:00'),
(561, 'GA01082020102', 'POST IT SIGN HERE', 156, 144, 15000, 4, '', '0000-00-00 00:00:00', '0000-00-00 00:00:00'),
(562, 'GA01082020103', 'POST IT UKURAN BESAR', 156, 144, 15000, 12, '', '0000-00-00 00:00:00', '0000-00-00 00:00:00'),
(563, 'GA01082020104', 'Power Extension', 156, 144, 40000, 0, '', '0000-00-00 00:00:00', '0000-00-00 00:00:00'),
(564, 'GA01082020105', 'pulpen biru', 156, 144, 3000, 0, '', '0000-00-00 00:00:00', '0000-00-00 00:00:00'),
(565, 'GA01082020106', 'PULPEN HITAM SNOWMAN V5', 156, 144, 3480, 28, '', '0000-00-00 00:00:00', '2020-08-07 10:46:15'),
(566, 'GA01082020107', 'PURCHASE ORDER', 155, 144, 25000, 10, '', '0000-00-00 00:00:00', '0000-00-00 00:00:00'),
(567, 'GA01082020108', 'PURCHASE REQUESTION', 155, 144, 12000, 4, '', '0000-00-00 00:00:00', '0000-00-00 00:00:00'),
(568, 'GA01082020109', 'RAUTAN', 156, 144, 80000, 1, '', '0000-00-00 00:00:00', '0000-00-00 00:00:00'),
(569, 'GA01082020110', 'RECEIPT BAN VOUCHER', 155, 144, 12000, 44, '', '0000-00-00 00:00:00', '0000-00-00 00:00:00'),
(570, 'GA01082020111', 'RECEIVING MATERIAL', 155, 144, 12000, 6, '', '0000-00-00 00:00:00', '0000-00-00 00:00:00'),
(571, 'GA01082020112', 'RECEIVING SHEET KECIL', 155, 144, 12000, 7, '', '0000-00-00 00:00:00', '0000-00-00 00:00:00'),
(572, 'GA01082020113', 'RECEIVING SHEET PANJANG', 155, 144, 25000, 32, '', '0000-00-00 00:00:00', '0000-00-00 00:00:00'),
(573, 'GA01082020114', 'solatip 1 inch panfix 72 yds', 156, 144, 15000, 2, '', '0000-00-00 00:00:00', '0000-00-00 00:00:00'),
(574, 'GA01082020115', 'solatip 1/2 inch 10 yds', 156, 144, 7000, 22, '', '0000-00-00 00:00:00', '0000-00-00 00:00:00'),
(575, 'GA01082020116', 'solatip 1/2 inch 36 yds', 156, 144, 10000, 1, '', '0000-00-00 00:00:00', '0000-00-00 00:00:00'),
(576, 'GA01082020117', 'SPIDOL BOARD MARKER BLACK', 156, 144, 11000, 17, '', '0000-00-00 00:00:00', '0000-00-00 00:00:00'),
(577, 'GA01082020118', 'SPIDOL BOARD MARKER BLUE', 156, 144, 11000, 8, '', '0000-00-00 00:00:00', '0000-00-00 00:00:00'),
(578, 'GA01082020119', 'SPIDOL BOARD MARKER GREEN', 156, 144, 11000, 20, '', '0000-00-00 00:00:00', '0000-00-00 00:00:00'),
(579, 'GA01082020120', 'SPIDOL BOARD MARKER RED', 156, 144, 11000, 20, '', '0000-00-00 00:00:00', '0000-00-00 00:00:00'),
(580, 'GA01082020121', 'SPIDOl JUMBO', 156, 145, 17000, 2, '', '0000-00-00 00:00:00', '0000-00-00 00:00:00'),
(581, 'GA01082020122', 'SPIDOL PERMANENT BLACK', 156, 144, 5000, 24, '', '0000-00-00 00:00:00', '0000-00-00 00:00:00'),
(582, 'GA01082020123', 'SPIDOL PERMANENT BLUE', 156, 144, 5000, 0, '', '0000-00-00 00:00:00', '0000-00-00 00:00:00'),
(583, 'GA01082020124', 'STABILO', 156, 144, 10000, 11, '', '0000-00-00 00:00:00', '0000-00-00 00:00:00'),
(584, 'GA01082020125', 'STAMPAD BESAR', 156, 144, 0, 1, '', '0000-00-00 00:00:00', '0000-00-00 00:00:00'),
(585, 'GA01082020126', 'Stampad Hijau ', 156, 144, 0, 0, '', '0000-00-00 00:00:00', '0000-00-00 00:00:00'),
(586, 'GA01082020127', 'STAMPAD KECIL', 156, 144, 0, 0, '', '0000-00-00 00:00:00', '0000-00-00 00:00:00'),
(587, 'GA01082020128', 'STAMPAD UKURAN NO 2', 156, 144, 0, 1, '', '0000-00-00 00:00:00', '0000-00-00 00:00:00'),
(588, 'GA01082020129', 'STAPLES UKURAN HD50', 156, 144, 70000, 2, '', '0000-00-00 00:00:00', '0000-00-00 00:00:00'),
(589, 'GA01082020130', 'STAPLES UKURAN KECIL', 156, 144, 20000, 11, '', '0000-00-00 00:00:00', '0000-00-00 00:00:00'),
(590, 'GA01082020131', 'STBLIZER', 156, 144, 0, 1, '', '0000-00-00 00:00:00', '0000-00-00 00:00:00'),
(591, 'GA01082020132', 'Stempel GDSK', 157, 144, 0, 1, '', '0000-00-00 00:00:00', '0000-00-00 00:00:00'),
(592, 'GA01082020133', 'STOREROOM REQUESTION KECIL', 155, 144, 12500, 25, '', '0000-00-00 00:00:00', '0000-00-00 00:00:00'),
(593, 'GA01082020134', 'STOREROOM REQUESTION PANJANG', 155, 144, 25000, 19, '', '0000-00-00 00:00:00', '0000-00-00 00:00:00'),
(594, 'GA01082020135', 'SURAT JALAN', 155, 144, 0, 133, '', '0000-00-00 00:00:00', '2020-10-07 07:33:18'),
(595, 'GA01082020136', 'SURAT SETOR PAJAK', 155, 144, 0, 15, '', '0000-00-00 00:00:00', '0000-00-00 00:00:00'),
(596, 'GA01082020137', 'SURAT TUGAS LUAR STAFF/KARYAWAN', 155, 144, 12000, 71, '', '0000-00-00 00:00:00', '0000-00-00 00:00:00'),
(597, 'GA01082020138', 'TANDA TERIMA', 155, 144, 8500, 23, '', '0000-00-00 00:00:00', '2020-08-03 08:53:00'),
(598, 'GA01082020139', 'TAPE CARTER', 156, 144, 0, 4, '', '0000-00-00 00:00:00', '0000-00-00 00:00:00'),
(599, 'GA01082020140', 'TAS KANCING  2 FOLIO', 156, 144, 0, 0, '', '0000-00-00 00:00:00', '0000-00-00 00:00:00'),
(600, 'GA01082020141', 'THERMAL', 156, 146, 875000, 1, '', '0000-00-00 00:00:00', '2020-08-07 11:22:43'),
(601, 'GA01082020142', 'TINTA  EPSON  310', 157, 144, 50000, 16, '', '0000-00-00 00:00:00', '0000-00-00 00:00:00'),
(602, 'GA01082020143', 'TINTA 21 BLACK Refill', 157, 144, 75000, 0, '', '0000-00-00 00:00:00', '0000-00-00 00:00:00'),
(603, 'GA01082020144', 'TINTA 21 COLOR', 157, 144, 75000, 0, '', '0000-00-00 00:00:00', '0000-00-00 00:00:00'),
(604, 'GA01082020145', 'TINTA 22 COLOR', 157, 144, 0, 1, '', '0000-00-00 00:00:00', '0000-00-00 00:00:00'),
(605, 'GA01082020146', 'TINTA 57 COLOR', 157, 144, 350000, 1, '', '0000-00-00 00:00:00', '0000-00-00 00:00:00'),
(606, 'GA01082020147', 'TINTA 680 BLACK REFILL', 157, 144, 40000, 0, '', '0000-00-00 00:00:00', '0000-00-00 00:00:00'),
(607, 'GA01082020148', 'TINTA 680 COLOR REFILL', 157, 144, 50000, 0, '', '0000-00-00 00:00:00', '0000-00-00 00:00:00'),
(608, 'GA01082020149', 'TINTA 75 COLOR', 157, 144, 20000, 1, '', '0000-00-00 00:00:00', '0000-00-00 00:00:00'),
(609, 'GA01082020150', 'TINTA 932 BLACK', 157, 144, 491000, 1, '', '0000-00-00 00:00:00', '0000-00-00 00:00:00'),
(610, 'GA01082020151', 'TINTA 933 BLUE', 157, 144, 250000, 2, '', '0000-00-00 00:00:00', '0000-00-00 00:00:00'),
(611, 'GA01082020152', 'TINTA 933 MAGENTA', 157, 144, 250000, 1, '', '0000-00-00 00:00:00', '0000-00-00 00:00:00'),
(612, 'GA01082020153', 'TINTA 933 YELLOW', 157, 144, 250000, 2, '', '0000-00-00 00:00:00', '0000-00-00 00:00:00'),
(613, 'GA01082020154', 'TINTA 955 BLACK', 157, 144, 490000, 4, '', '0000-00-00 00:00:00', '0000-00-00 00:00:00'),
(614, 'GA01082020155', 'TINTA 955 CYAN', 157, 144, 390000, 3, '', '0000-00-00 00:00:00', '0000-00-00 00:00:00'),
(615, 'GA01082020156', 'TINTA 955 MAGENTA', 157, 144, 390000, 4, '', '0000-00-00 00:00:00', '0000-00-00 00:00:00'),
(616, 'GA01082020157', 'TINTA 955 CYAN Refill', 157, 144, 180000, 1, '', '0000-00-00 00:00:00', '0000-00-00 00:00:00'),
(617, 'GA01082020158', 'TINTA 955 MAGENTA Refill', 157, 144, 180000, 1, '', '0000-00-00 00:00:00', '0000-00-00 00:00:00'),
(618, 'GA01082020159', 'TINTA 955 YELLOW', 157, 144, 390000, 3, '', '0000-00-00 00:00:00', '0000-00-00 00:00:00'),
(619, 'GA01082020160', 'TINTA CORAL BIRU ', 157, 144, 35000, 1, '', '0000-00-00 00:00:00', '0000-00-00 00:00:00'),
(620, 'GA01082020161', 'TINTA CORAL BLACK', 157, 144, 35000, 2, '', '0000-00-00 00:00:00', '0000-00-00 00:00:00'),
(621, 'GA01082020162', 'TINTA CORAL KUNING', 157, 144, 35000, 1, '', '0000-00-00 00:00:00', '0000-00-00 00:00:00'),
(622, 'GA01082020163', 'TINTA CORAL MERAH', 157, 144, 35000, 1, '', '0000-00-00 00:00:00', '0000-00-00 00:00:00'),
(623, 'GA01082020164', 'TINTA EPSON LQ 1150', 157, 144, 55000, 6, '', '0000-00-00 00:00:00', '0000-00-00 00:00:00'),
(624, 'GA01082020165', 'Tinta Stampad Hijau', 157, 144, 0, 0, '', '0000-00-00 00:00:00', '0000-00-00 00:00:00'),
(625, 'GA01082020166', 'TONER 126', 157, 144, 630000, 1, '', '0000-00-00 00:00:00', '0000-00-00 00:00:00'),
(626, 'GA01082020167', 'TONER 130 BLACK ', 157, 144, 315000, 0, '', '0000-00-00 00:00:00', '0000-00-00 00:00:00'),
(627, 'GA01082020168', 'TONER 130 BLUE', 157, 144, 315000, 1, '', '0000-00-00 00:00:00', '0000-00-00 00:00:00'),
(628, 'GA01082020169', 'toner 17 a', 157, 144, 315000, 2, '', '0000-00-00 00:00:00', '0000-00-00 00:00:00'),
(629, 'GA01082020170', 'TONER 19 A BLACK', 157, 144, 315000, 4, '', '0000-00-00 00:00:00', '0000-00-00 00:00:00'),
(630, 'GA01082020171', 'TONER 201 BLACK ', 157, 144, 315000, 1, '', '0000-00-00 00:00:00', '0000-00-00 00:00:00'),
(631, 'GA01082020172', 'TONER 201 BLUE', 157, 144, 315000, 0, '', '0000-00-00 00:00:00', '0000-00-00 00:00:00'),
(632, 'GA01082020173', 'TONER 201 MAGENTA', 157, 144, 315000, 0, '', '0000-00-00 00:00:00', '0000-00-00 00:00:00'),
(633, 'GA01082020174', 'TONER 201 YELLOW', 157, 144, 315000, 0, '', '0000-00-00 00:00:00', '0000-00-00 00:00:00'),
(634, 'GA01082020175', 'TONER 35 A BLACK', 157, 144, 250000, 0, '', '0000-00-00 00:00:00', '0000-00-00 00:00:00'),
(635, 'GA01082020176', 'TONER 85A BLACK', 157, 144, 250000, 8, '', '0000-00-00 00:00:00', '0000-00-00 00:00:00'),
(636, 'GA01082020177', 'VEHICLE SERVICE REQUESTION', 155, 144, 25000, 16, '', '0000-00-00 00:00:00', '0000-00-00 00:00:00'),
(637, 'GA01082020178', 'WORK ORDER REQUEST', 155, 144, 13000, 36, '', '0000-00-00 00:00:00', '0000-00-00 00:00:00'),
(638, 'GA07082020179', 'Kertas a4 70 Gr', 156, 147, 38000, 8, NULL, '2020-08-07 15:26:24', NULL),
(639, 'GA07082020180', 'Solasi Naichi Taper Ukuran 1/2 inch', 156, 144, 2748, 58, NULL, '2020-08-07 15:42:35', NULL),
(640, 'GA07082020181', 'Odner 727 Bantex', 156, 146, 282000, 0, NULL, '2020-08-07 16:14:45', NULL),
(641, 'GA06102020182', 'F4 75 GR', 156, 147, 45000, 2, NULL, '2020-10-06 13:42:49', NULL),
(642, 'GA06102020183', 'Toner 130 Yellow', 157, 144, 314997, 0, NULL, '2020-10-06 14:26:39', '2020-10-06 09:26:56'),
(643, 'GA06102020184', 'Toner 130 Magenta', 157, 144, 315000, 0, NULL, '2020-10-06 14:32:43', NULL),
(644, 'GA06102020185', 'Continous Form 4 Ply', 155, 146, 290000, 0, NULL, '2020-10-06 16:33:14', NULL),
(645, 'GA06102020186', 'Toner 210 A Black', 157, 144, 600000, 0, NULL, '2020-10-06 16:38:14', NULL),
(646, 'GA06102020187', 'Toner 211 A Cyan', 157, 144, 600000, 0, NULL, '2020-10-06 16:38:58', NULL),
(647, 'GA06102020188', 'Toner 212 A Yellow', 157, 144, 600000, 0, NULL, '2020-10-06 16:39:38', NULL),
(648, 'GA20102020189', 'test', 155, 144, 100, -5, NULL, '2020-10-20 15:14:06', NULL),
(649, 'GA30102020190', 'TAPE DISPENSER SOLASI', 156, 144, 21600, 9, NULL, '2020-10-30 14:03:11', NULL),
(650, 'GA30102020191', 'AMPLOP COKLAT', 156, 145, 36000, 1, NULL, '2020-10-30 14:05:53', NULL);

-- --------------------------------------------------------

--
-- Table structure for table `karyawan`
--

CREATE TABLE `karyawan` (
  `karyawan_id` int(11) NOT NULL,
  `nik` int(30) NOT NULL,
  `name` varchar(50) NOT NULL,
  `gender` varchar(50) NOT NULL
) ENGINE=InnoDB DEFAULT CHARSET=latin1;

--
-- Dumping data for table `karyawan`
--

INSERT INTO `karyawan` (`karyawan_id`, `nik`, `name`, `gender`) VALUES
(64, 8235, 'DARMADI', 'Boy'),
(65, 9221, 'SUDARNO', 'Boy'),
(66, 80529, 'BADRI BAKHTIYAR', 'Boy'),
(67, 111335, 'DEDI MUCHTAR', 'Boy'),
(68, 121863, 'DESSY ASTRIANTI', 'Girl'),
(69, 132327, 'NDARU ADI PRASETYO', 'Boy'),
(70, 153995, 'RINDY SULISTIHARDI', 'Boy'),
(71, 154280, 'PURWANTO', 'Boy'),
(72, 185901, 'SARING', 'Boy'),
(73, 185951, 'USMAN SARIJO', 'Boy'),
(74, 207799, 'YUSUF RAHMANTO', 'Boy'),
(75, 9510, 'MANAT NAINGGOLAN', 'Boy'),
(76, 9905, 'PARTIMAN', 'Boy'),
(77, 90627, 'ANTUN HASTO PRASETYO', 'Boy'),
(78, 100905, 'HERNA', 'Girl'),
(79, 101023, 'RIZKI NANDA FEBRINA', 'Girl'),
(80, 153798, 'ENDAH WIDIASTUTI', 'Girl'),
(81, 164739, 'INDRA YUSUF', 'Boy'),
(82, 164868, 'DYAN MAYLIA', 'Girl'),
(83, 164869, 'HERIANTO SILALAHI', 'Boy'),
(84, 175367, 'EUIS NURHIDAYAH MUTHMAINNAH', 'Girl'),
(85, 175612, 'FEBRIANA DWI LESTARI', 'Girl'),
(86, 175667, 'EVA MORANTY NAINGGOLAN', 'Girl'),
(87, 990046, 'MARFU`AH', 'Girl'),
(88, 28676, 'TAUFIK PERMANA', 'Boy'),
(89, 132273, 'DIAN KURNIA WARASMITA', 'Girl'),
(90, 186040, 'AKHMAD KUNDARI', 'Boy'),
(91, 60145, 'SARMAN', 'Boy'),
(92, 80532, 'AHMAD SYARIFUDIN', 'Boy'),
(93, 100954, 'ARIEF MEILANI', 'Boy'),
(94, 111298, 'ERWANTO', 'Boy'),
(95, 175605, 'ITDAH ROCHMAWATI', 'Girl'),
(96, 185962, 'RATIH DEWI RUSMANA', 'Girl'),
(97, 8613, 'RASYID KALUKU', 'Boy'),
(98, 9499, 'ANWAR SADAD', 'Boy'),
(99, 9810, 'ASMALUDIN', 'Boy'),
(100, 65041, 'MOHAMAD SOFYAN', 'Boy'),
(101, 175580, 'ABIGAIL MUHAMMAD', 'Boy'),
(102, 186384, 'WILLY WILANTARA', 'Boy'),
(103, 196931, 'SUHAD', 'Boy'),
(104, 207990, 'WIWI', 'Girl'),
(105, 207916, 'ANNISA IRAWAN', 'Girl'),
(106, 207911, 'DEBBY GRACE', 'Girl'),
(107, 1, 'MATAK', 'Boy'),
(109, 3, 'Cibitung', 'Boy'),
(111, 2, 'Gandaria', 'Boy'),
(112, 207847, 'Noordian M', 'Boy'),
(113, 4, 'Karawaci', 'Boy'),
(114, 5, 'RSUD Pasar Minggu', 'Boy'),
(115, 6, 'RSUD Cengkareng', 'Boy'),
(116, 80333, 'Dita', 'Girl'),
(117, 190278, 'Abdul Khoir', 'Boy'),
(118, 208063, 'Rizka Markom', 'Girl'),
(119, 3456, 'Anwar Saddad', 'Boy'),
(120, 196933, 'Yunita', ''),
(121, 143115, 'Delly Faulidina', 'Girl'),
(122, 123, 'Tomori', 'Boy'),
(123, 186559, 'Tri Anggono', 'Boy'),
(124, 185938, 'moh angga', 'Boy');

-- --------------------------------------------------------

--
-- Table structure for table `legal`
--

CREATE TABLE `legal` (
  `legal_id` int(11) NOT NULL,
  `nama_doc` varchar(50) NOT NULL,
  `file` varchar(50) NOT NULL
) ENGINE=InnoDB DEFAULT CHARSET=latin1;

-- --------------------------------------------------------

--
-- Table structure for table `login`
--

CREATE TABLE `login` (
  `user_id` int(11) NOT NULL,
  `username` varchar(40) NOT NULL,
  `password` varchar(40) NOT NULL,
  `name` varchar(100) NOT NULL,
  `address` varchar(200) DEFAULT NULL,
  `level` int(1) NOT NULL COMMENT '1:admin, 2:kasir',
  `photo` varchar(225) NOT NULL
) ENGINE=InnoDB DEFAULT CHARSET=latin1;

--
-- Dumping data for table `login`
--

INSERT INTO `login` (`user_id`, `username`, `password`, `name`, `address`, `level`, `photo`) VALUES
(5, 'yusufrhmnt', '7c4a8d09ca3762af61e59520943dc26494f8941b', 'yusuf', 'hhhh', 1, ''),
(10, 'admin', '7c4a8d09ca3762af61e59520943dc26494f8941b', 'admin', 'Cawang', 1, ''),
(13, 'Yusuf Rahmanto', '7c4a8d09ca3762af61e59520943dc26494f8941b', 'Yusuf Rahmanto', 'Jakarta', 1, 'user-200403-61cbe8aeb2.jpg'),
(14, 'okem123', '$1$MmVIZulq$n.UKnYJSfpQUZBamIus6M.', 'okem', '123456', 1, 'user-200522-23be3f63fa.png'),
(15, 'Anwarsadad', 'e5acc21d569c0a1412d7c5e96a7d8f6a6dd30f6b', 'Anwar Saddad', 'PT.GDSK', 2, 'user-200804-d3754e818a.png');

-- --------------------------------------------------------

--
-- Table structure for table `lokasi`
--

CREATE TABLE `lokasi` (
  `lokasi_id` int(11) NOT NULL,
  `nama_lokasi` varchar(50) NOT NULL,
  `created` datetime NOT NULL,
  `updated` datetime DEFAULT NULL
) ENGINE=InnoDB DEFAULT CHARSET=latin1;

--
-- Dumping data for table `lokasi`
--

INSERT INTO `lokasi` (`lokasi_id`, `nama_lokasi`, `created`, `updated`) VALUES
(3, 'Head Office', '0000-00-00 00:00:00', NULL),
(4, 'Gandaria', '0000-00-00 00:00:00', '2020-06-10 04:30:32'),
(5, 'Branch Office Balikpapan', '0000-00-00 00:00:00', NULL),
(6, 'Whw', '0000-00-00 00:00:00', NULL),
(7, 'Tcm', '0000-00-00 00:00:00', NULL),
(8, 'Phkt', '0000-00-00 00:00:00', '2020-06-10 04:30:20'),
(9, 'Cibitung', '0000-00-00 00:00:00', NULL);

-- --------------------------------------------------------

--
-- Table structure for table `sewa_bangunan`
--

CREATE TABLE `sewa_bangunan` (
  `id_sewa_bangunan` int(11) NOT NULL,
  `status` int(11) NOT NULL,
  `no_kontrak` varchar(50) NOT NULL,
  `lokasi_id` int(11) NOT NULL,
  `supplier_id` int(11) NOT NULL,
  `tanggal_awal_sewa` date NOT NULL,
  `tanggal_akhir_sewa` date NOT NULL,
  `file` varchar(50) NOT NULL,
  `created` datetime NOT NULL DEFAULT CURRENT_TIMESTAMP,
  `updated` datetime DEFAULT NULL
) ENGINE=InnoDB DEFAULT CHARSET=latin1;

-- --------------------------------------------------------

--
-- Table structure for table `sewa_kendaraan`
--

CREATE TABLE `sewa_kendaraan` (
  `id_sewaKendaraan` int(11) NOT NULL,
  `status` int(11) NOT NULL,
  `no_kontrak` varchar(50) NOT NULL,
  `lokasi_id` int(11) NOT NULL,
  `supplier_id` int(11) NOT NULL,
  `tanggal_awalSewa` date NOT NULL,
  `tanggal_akhirSewa` date NOT NULL,
  `file` varchar(50) NOT NULL,
  `created` datetime NOT NULL DEFAULT CURRENT_TIMESTAMP,
  `updated` date DEFAULT NULL
) ENGINE=InnoDB DEFAULT CHARSET=latin1;

--
-- Dumping data for table `sewa_kendaraan`
--

INSERT INTO `sewa_kendaraan` (`id_sewaKendaraan`, `status`, `no_kontrak`, `lokasi_id`, `supplier_id`, `tanggal_awalSewa`, `tanggal_akhirSewa`, `file`, `created`, `updated`) VALUES
(1, 1, 'assaxasx', 4, 27, '2020-11-17', '2020-11-19', 'fileSewaKendaraan-20-11-17-97e6fe9201.pdf ', '2020-11-17 12:15:55', '2020-11-17');

-- --------------------------------------------------------

--
-- Table structure for table `supplier`
--

CREATE TABLE `supplier` (
  `supplier_id` int(11) NOT NULL,
  `name` varchar(50) NOT NULL,
  `phone` varchar(50) DEFAULT NULL,
  `address` varchar(225) DEFAULT NULL,
  `typee` varchar(30) DEFAULT NULL,
  `area` varchar(30) DEFAULT NULL,
  `npwp` varchar(30) DEFAULT NULL,
  `email_website` varchar(50) DEFAULT NULL,
  `description` text,
  `created` datetime NOT NULL DEFAULT CURRENT_TIMESTAMP,
  `updated` datetime DEFAULT NULL
) ENGINE=InnoDB DEFAULT CHARSET=latin1;

--
-- Dumping data for table `supplier`
--

INSERT INTO `supplier` (`supplier_id`, `name`, `phone`, `address`, `typee`, `area`, `npwp`, `email_website`, `description`, `created`, `updated`) VALUES
(23, 'EQ Staionery', '0876536362', 'Jakarta Timur', '', '', '0', '', 'Supplir ATK', '2020-04-09 23:04:33', NULL),
(24, 'PT. Serasi Auto Raya (TRAC)', '083729293838', 'Balikpapan', '', '', '0', '', 'Vendor Mobil', '2020-04-09 23:06:32', '2020-04-18 14:54:48'),
(25, 'Vings Graphics', '08888888', 'Senen', '', '', '0', '', 'Supplier printing buku', '2020-06-05 21:38:45', NULL),
(26, 'Lotter mart', '0888888', 'Lotte', '', '', '0', '', 'beli kertas mendadak di lotte mart', '2020-06-08 15:52:56', NULL),
(27, 'Dea Electric', '08222222', 'Jakarta timur', '', '', '0', '', 'Suppiler isi ulang tinta dan toner PIC Pak Koes', '2020-06-08 17:10:20', NULL),
(284, 'PT. GOBEL DHARMA SARANA KARYA', '', 'Jl Mulawarman RT 47 / NO 47 Manggar Balikpapan Kalimantan Timur', 'BRANCH', 'BALIKPAPAN', '', '', '', '0000-00-00 00:00:00', '0000-00-00 00:00:00'),
(285, 'GERRY COMP', '081510679598  087781410592 085883197081', 'Plaza Kenari Mas Blok-H/148 Salemba Jak-Pus Phone:', 'IT EQUIPMENT CLOUD HOSTING', 'HO', '', '', '', '0000-00-00 00:00:00', '0000-00-00 00:00:00'),
(286, 'PT. GLOBAL TIKET NETWORK', '08041500878  021-39730888 08551500878', 'Jl Ks Tubun No 85A RT2/RW7 Slipi Kec Palmerah Kota Jakarta Barat DKI 11410 ', 'TIKET PESAWAT', 'HO', '', '', '', '0000-00-00 00:00:00', '0000-00-00 00:00:00'),
(287, 'CV. SUMBER REZEKI', '', 'JL ENGGANO NO 75 TANJUNG PRIUK JAKARTA UTARA', 'FORKLIFT RENTAL', 'CAKUNG', '026837898-042000', '', '', '0000-00-00 00:00:00', '0000-00-00 00:00:00'),
(288, 'PT. HAGAJAYA KEMASINDO SARANA', '6214266253', 'GRAHA CEMPAKA MAS BLOK C - 28 Jl Letjend Suprapto Sumur Batu Jakarta Pusat 10640 ', 'CARGO', '', '017662107-027000', '', '', '0000-00-00 00:00:00', '0000-00-00 00:00:00'),
(289, 'PT. SERASI AUTORAYA (TRAC)', ' 0542 - 875900', 'JL MT HARYONO NO 35 A RT 075 BALIKPAPAN SELATAN Telepon : 0542 - 875900 Fax : 0542 - 872190', 'CAR RENTAL', 'BALIKPAPAN', '', '', '', '0000-00-00 00:00:00', '0000-00-00 00:00:00'),
(290, 'PT. SERASI AUTORAYA (TRAC)', '', 'JL MITRA SUNTER BOULEVARD BLOK C2 KAV 90 SUNTER JAYA TANJUNG PRIOK JAKARTA UTARA 14350', 'CAR RENTAL', 'BALIKPAPAN', '013575832-046000', '', '', '0000-00-00 00:00:00', '0000-00-00 00:00:00'),
(291, 'CV. SINGA MAS NUSANTARA', '', 'PERUM PANDAU PERMAI BLOK C4 NO 18 RT 002 RW 005 KEL PANDAU JAYA KEC SIAK HULU KAMPAR RIAU 28452', 'CAR RENTAL', 'DURI', '', '', '', '0000-00-00 00:00:00', '0000-00-00 00:00:00'),
(292, 'PT. MITRA PINASTHIKA MUSTIKA RENT (MPM)', '', 'SUNBURST CBD LOT II NO 10 JL Kapten Soebijanto Djojohadikusumo BSD City Tangerang Selatan Banten 15322', 'CAR RENTAL', 'JABODETABEK', '027452234-411000', '', '', '0000-00-00 00:00:00', '0000-00-00 00:00:00'),
(293, 'SAMPURNA NETWORKS', '', 'JL RAWAJATI TIMUR 1 NO 1 JAKARTA SELATAN 12750', 'FO INTERNET SERVICES & NETWORK', 'JABODETABEK', '', '', '', '0000-00-00 00:00:00', '0000-00-00 00:00:00'),
(294, 'PT. ALTEK TIRTA SARANA', '', 'JL PANGERAN JAYAKARTA 24/50 TELP 021 22680694 FAX 021 6497087', 'CONTAINER CERTIFICATION', 'PALEMBANG', '', '', '', '0000-00-00 00:00:00', '0000-00-00 00:00:00'),
(295, 'PT. ALTEK TIRTA SARANA', '', 'JL TUGU MULYO NO 16 RT 021 20 ILIR I PALEMBANG', '', '', '014432124-301000', '', '', '0000-00-00 00:00:00', '0000-00-00 00:00:00'),
(296, 'MUTIARA INDAH MITRA PERSADA', '', '1206 12th Floor GEDUNG MEGA PLAZA JL HR RASUNA SAID KAV C-3 JAKARTA 12920 INDONESIA TELP: 021 2526008 FAX : 021 2523088', 'TIKET PESAWAT', 'HO', '', 'headoffice@mutiaratour.com', '', '0000-00-00 00:00:00', '0000-00-00 00:00:00'),
(297, 'PT. LAMDA MULTI DINAMIKA', '', 'JL KARANGGAN MUDA NO 2A RT 003 RW 005 GUNUNG PUTRI BOGOR TELP 08111144366 08111144367 FAX: 021 - 8758476', 'STORAGE RENTAL', '', '020256558-403000', 'lamdamulti86@gmail.com', '', '0000-00-00 00:00:00', '0000-00-00 00:00:00'),
(298, 'KAWASAN INDORAYA', '', 'JL IMAM BONJOL KM 28 NO 228 KAWASAN INDORAYA KARAWACI TANGERANG 15115 PHONE: 021-5806872 FAX: 021 - 5812681', 'RENTAL DAPUR', 'KARAWACI', '', '', '', '0000-00-00 00:00:00', '0000-00-00 00:00:00'),
(299, 'PT. SURVINDOTAMA PERSADA', '', 'GRAHA CEMPAKA MAS BLOK C - 29 - JL LETJEN SUPRAPTO CEMPAKA PUTIH JAKARTA 10640 PHONE: 021 - 4212174-75 021 - 42877114-15 FAX: 021-4212176 021-42870732 42879155', 'CONTAINER CERTIFICATION', 'JABODETABEK', '016099871-027000', 'cs@survindotamapersada.com, technical.dept@survind', '', '0000-00-00 00:00:00', '0000-00-00 00:00:00'),
(300, 'AMIGOS COLLECTION', '', 'JL CIBUBUR II NO 29 RT 08/02 JAKARTA TIMUR TELP 085216241024 / 081319216261', 'CELANA KERJA', 'HO', '', 'amigos.collection@yahoo.com', '', '0000-00-00 00:00:00', '0000-00-00 00:00:00'),
(301, 'PT. MULTI PRIMA MANDIRI SUKSES', '', 'JL HIDUP BARU BLOK D NO 6 PADEMANGAN JAKARTA UTARA 14420 DKI JAKARTA', 'TONER PRINTER', 'HO', '', '', '', '0000-00-00 00:00:00', '0000-00-00 00:00:00'),
(302, 'SUMBER TEKNIK', '', 'PERMATA HIJAU PERMAI BLOK G/39 HP 08561290516 / 081315107346', 'CHILLER PLUMPING LISTRIK GAS S', 'JABODETABEK', '', '', '', '0000-00-00 00:00:00', '0000-00-00 00:00:00'),
(303, 'POSTIGA SEJAHTERA', '', '', 'PEST CONTROL', '', '', '', '', '0000-00-00 00:00:00', '0000-00-00 00:00:00'),
(304, 'CIKARANG LISTRINDO', '', '', 'ELECTRICITY', 'JABABEKA', '', '', '', '0000-00-00 00:00:00', '0000-00-00 00:00:00'),
(305, 'KOPKAR GOBEL ', '', '', 'OFFICE RENTAL CAR RENTAL', 'JABODETABEK', '', '', '', '0000-00-00 00:00:00', '0000-00-00 00:00:00'),
(306, 'PANDAWA MEDIA PROTECTION', '', 'JLRE Martadinata No37 Rt003 Rw008 Cikarang Kota Cikarang Utara Bekasi- Jawa Barat 17630', 'APAR', 'JABODETABEK', '', 'Telp : (021)89121770 Fex : (021)89121770 e-mail : ', '', '0000-00-00 00:00:00', '0000-00-00 00:00:00'),
(307, 'SENTOSA MOTOR', '', '', 'SERVICE MOBIL', '', '', '', '', '0000-00-00 00:00:00', '0000-00-00 00:00:00'),
(308, 'ADHEM TEKNIK', '', '', 'PERBAIKAN TROLLEY EQUIPMENT DA', '', '', '', '', '0000-00-00 00:00:00', '0000-00-00 00:00:00'),
(309, ' PANASONIC MANUFACTURING INDONESIA ', '', '', '', '', '', '', '', '0000-00-00 00:00:00', '0000-00-00 00:00:00'),
(310, 'BUANA CITRA ABADI', '', '', 'MESIN PHOTO COPY RENTAL', '', '', '', '', '0000-00-00 00:00:00', '0000-00-00 00:00:00'),
(311, 'AMT JAYA', '', '', 'SERVICE MOBIL', '', '', '', '', '0000-00-00 00:00:00', '0000-00-00 00:00:00'),
(312, 'ANEKA INFOKOM', '', '', 'SEWA MESIN PHOTO COPY', '', '', '', '', '0000-00-00 00:00:00', '0000-00-00 00:00:00'),
(313, 'PT NAWAWI DHARMA', '', '', 'SURAT KETERANGAN JALAN FOREIGN', '', '', '', '', '0000-00-00 00:00:00', '0000-00-00 00:00:00'),
(314, 'DHARMA MOTOR', '', '', 'BENGKEL MOTOR', '', '', '', '', '0000-00-00 00:00:00', '0000-00-00 00:00:00'),
(315, 'KHARISMA SEJATERA', '', '', 'TANK', '', '', '', '', '0000-00-00 00:00:00', '0000-00-00 00:00:00'),
(316, 'PANJASA', '', '', 'CONTAINER RENTAL', '', '', '', '', '0000-00-00 00:00:00', '0000-00-00 00:00:00'),
(317, 'D-NET', '', '', 'INTERNET', '', '', '', '', '0000-00-00 00:00:00', '0000-00-00 00:00:00'),
(318, 'SRIKANDI', '', '', 'DISTRIBUTOR MOBIL', '', '', '', '', '0000-00-00 00:00:00', '0000-00-00 00:00:00'),
(319, 'JASATAMA P', '', '', 'KORAN', '', '', '', '', '0000-00-00 00:00:00', '0000-00-00 00:00:00'),
(320, 'BUMI SINARBELA', '', '', 'CAR RENTAL', '', '', '', '', '0000-00-00 00:00:00', '0000-00-00 00:00:00'),
(321, 'RIDHOTAMA P', '', '', 'CONTAINER RENTAL', '', '', '', '', '0000-00-00 00:00:00', '0000-00-00 00:00:00'),
(322, 'TRIKARYA', '', '', 'SIPIL', '', '', '', '', '0000-00-00 00:00:00', '0000-00-00 00:00:00'),
(323, 'CV AZZAM KHOLIF', '', '', 'SIPIL', '', '', '', '', '0000-00-00 00:00:00', '0000-00-00 00:00:00'),
(324, 'PRIMANUSA G', '', '', 'GPRS', '', '', '', '', '0000-00-00 00:00:00', '0000-00-00 00:00:00'),
(325, 'MATSUSHITA G', '', '', 'SEWA RUANG ', '', '', '', '', '0000-00-00 00:00:00', '0000-00-00 00:00:00'),
(326, 'CAHAYA KILAU', '', '', 'COVERALL', '', '', '', '', '0000-00-00 00:00:00', '0000-00-00 00:00:00'),
(327, 'VING\'S GRAPHIC', '', '', 'PLACEMATS', '', '', '', '', '0000-00-00 00:00:00', '0000-00-00 00:00:00'),
(328, 'TUGU', '', '', 'ASURANSI', '', '', '', '', '0000-00-00 00:00:00', '0000-00-00 00:00:00'),
(329, 'A KARIM', '', '', 'TRUCKING SEWA CONTAINER JASA K', '', '', '', '', '0000-00-00 00:00:00', '0000-00-00 00:00:00'),
(330, 'BUANA PRO', '', '', 'LOGISTIK', '', '', '', '', '0000-00-00 00:00:00', '0000-00-00 00:00:00'),
(331, 'PERSPEKTIF', '', '', 'SIPIL', '', '', '', '', '0000-00-00 00:00:00', '0000-00-00 00:00:00'),
(332, 'PUTRA TOBA', '', '', 'KOMPUTER', '', '', '', '', '0000-00-00 00:00:00', '0000-00-00 00:00:00'),
(333, 'SINAR MAS', '', '', 'ASURANSI', '', '', '', '', '0000-00-00 00:00:00', '0000-00-00 00:00:00'),
(334, 'PAM AETRA', '', '', 'AIR', '', '', '', '', '0000-00-00 00:00:00', '0000-00-00 00:00:00'),
(335, 'SINAR HARAPAN', '', '', 'SERVICE AC', '', '', '', '', '0000-00-00 00:00:00', '0000-00-00 00:00:00'),
(336, 'RENTOKIL', '', '', 'PEST CONTROL', '', '', '', '', '0000-00-00 00:00:00', '0000-00-00 00:00:00'),
(337, 'BERKAT SUKSES MAKMUR', '', '', 'UNIFORM', '', '', '', '', '0000-00-00 00:00:00', '0000-00-00 00:00:00'),
(338, ' GABARIEL M', '', '', 'ELECTRICITY', '', '', '', '', '0000-00-00 00:00:00', '0000-00-00 00:00:00'),
(339, 'MULTI SEJAHTERA ABADI', '', '', 'ELECTRICITY', '', '', '', '', '0000-00-00 00:00:00', '0000-00-00 00:00:00'),
(340, 'PHCI', '', '', 'AIR DAPUR PHCI', '', '', '', '', '0000-00-00 00:00:00', '0000-00-00 00:00:00'),
(341, 'INDAH CARGO', '', '', 'CARGO', 'DURI', '', '', '', '0000-00-00 00:00:00', '0000-00-00 00:00:00'),
(342, 'PMI', '', '', 'SEWA TANAH TELEPON LISTRIK AIR', '', '', '', '', '0000-00-00 00:00:00', '0000-00-00 00:00:00'),
(343, ' TRADECORP', '', '', 'CONTAINER', '', '', '', '', '0000-00-00 00:00:00', '0000-00-00 00:00:00'),
(344, 'TUNAS TOYOTA', '', '', 'SERVICE MOBIL', '', '', '', '', '0000-00-00 00:00:00', '0000-00-00 00:00:00'),
(345, 'JAYALINK ABADI', '', '', 'DOKUMENTASI', '', '', '', '', '0000-00-00 00:00:00', '0000-00-00 00:00:00'),
(346, 'TECHNO GRAB S', '', '', 'LAPTOP', '', '', '', '', '0000-00-00 00:00:00', '0000-00-00 00:00:00'),
(347, 'POGU', '', '', 'SIPIL', '', '', '', '', '0000-00-00 00:00:00', '0000-00-00 00:00:00'),
(348, 'PANDAWA MEDIA', '', '', 'APAR REFILL', '', '', '', '', '0000-00-00 00:00:00', '0000-00-00 00:00:00'),
(349, 'JASATAMA POLAMEDIA', '', '', 'KORAN MARKETING', '', '', '', '', '0000-00-00 00:00:00', '0000-00-00 00:00:00'),
(350, 'JAYA TEKNIK', '', '', 'SOLAR', '', '', '', '', '0000-00-00 00:00:00', '0000-00-00 00:00:00'),
(351, 'AMT JAYA BAN', '', '', 'SERVICE MOBIL', '', '', '', '', '0000-00-00 00:00:00', '0000-00-00 00:00:00'),
(352, 'AEP ', '', '', 'TENDA', '', '', '', '', '0000-00-00 00:00:00', '0000-00-00 00:00:00'),
(353, 'ARYANTI', '', '', 'NOTARIS', '', '', '', '', '0000-00-00 00:00:00', '0000-00-00 00:00:00'),
(354, ' KLIK GLODOK ', '', '', 'SPAREPART MESIN POTONG RUMPUT', '', '', '', '', '0000-00-00 00:00:00', '0000-00-00 00:00:00'),
(355, 'RIDHOTAMA PERSADA', '', '', 'CONTAINER RENTAL', '', '', '', '', '0000-00-00 00:00:00', '0000-00-00 00:00:00'),
(356, 'GDN', '', '', 'SEWA TANAH JASA PEMELIHARAAN &', '', '', '', '', '0000-00-00 00:00:00', '0000-00-00 00:00:00'),
(357, 'ABIZARD BANGUN PERKASA', '', '', '', '', '', '', '', '0000-00-00 00:00:00', '0000-00-00 00:00:00'),
(358, 'PGI', '', '', 'LISTRIK PAM SHARING KEGIATAN K', '', '', '', '', '0000-00-00 00:00:00', '0000-00-00 00:00:00'),
(359, 'FIRST MEDIA', '', '', 'INTERNET', '', '', '', '', '0000-00-00 00:00:00', '0000-00-00 00:00:00'),
(360, 'PHC', '', '', '', '', '', '', '', '0000-00-00 00:00:00', '0000-00-00 00:00:00'),
(361, 'TCM BUNYUT', '', '', '', '', '', '', '', '0000-00-00 00:00:00', '0000-00-00 00:00:00'),
(362, 'JAYA LAKSANA', '', '', 'DELIVERY CONTAINER', '', '', '', '', '0000-00-00 00:00:00', '0000-00-00 00:00:00'),
(363, 'TOTO DESIGN', '', '', 'SERAGAM', '', '', '', '', '0000-00-00 00:00:00', '0000-00-00 00:00:00'),
(364, 'BEN AGUNG MOTOR', '', '', 'SERVICE MOBIL', '', '', '', '', '0000-00-00 00:00:00', '0000-00-00 00:00:00'),
(365, 'PT ADJI BAYU CIPTA', '', '', 'CONTAINER', '', '', '', '', '0000-00-00 00:00:00', '0000-00-00 00:00:00'),
(366, 'BEN AGUNG', '', '', '', '', '', '', '', '0000-00-00 00:00:00', '0000-00-00 00:00:00'),
(367, 'DKM', '', '', 'SECURITY SAMPAH SIPIL', '', '', '', '', '0000-00-00 00:00:00', '0000-00-00 00:00:00'),
(368, 'PT. ADI SARANA ARMADA', ' Tbk', '', 'Gd Graha Kirana Lt 6 Jl Yos Su', 'CAR RENTAL', '', '', 'www.assarent.co.id', '0000-00-00 00:00:00', '0000-00-00 00:00:00'),
(369, 'LEO ANUGERAH SUKSES', '', '', 'CAR RENTAL', '', '', '', '', '0000-00-00 00:00:00', '0000-00-00 00:00:00'),
(370, 'DRX', '', '', 'CARGO', '', '', '', '', '0000-00-00 00:00:00', '0000-00-00 00:00:00'),
(371, 'PT LAURENDO JAYA SENTOSA', '', '', 'SIPIL', '', '', '', '', '0000-00-00 00:00:00', '0000-00-00 00:00:00'),
(372, 'PDSI', '', '', '', '', '', '', '', '0000-00-00 00:00:00', '0000-00-00 00:00:00'),
(373, 'CV. DIAMORA', '', '', 'CAR RENTAL', 'JABODETABEK', '', '', '', '0000-00-00 00:00:00', '0000-00-00 00:00:00'),
(374, 'BUMI SINARBELLA', '', '', 'CAR RENTAL', 'RUMBAI MINAS', '', '', '', '0000-00-00 00:00:00', '0000-00-00 00:00:00'),
(375, 'HARIS SANTONI', '', '', 'CAR RENTAL', 'JABODETABEK', '', '', '', '0000-00-00 00:00:00', '0000-00-00 00:00:00'),
(376, 'JABABEKA', '', '', ' BIAYA AIR LIMBAH MAINTENANCE', 'JABABEKA', '', '', '', '0000-00-00 00:00:00', '0000-00-00 00:00:00'),
(377, 'JELAJAH LAUT', '', '', 'CARGO', '', '', '', '', '0000-00-00 00:00:00', '0000-00-00 00:00:00'),
(378, 'SAMSURO', '', '', 'SAMPAH', 'CIBITUNG', '', '', '', '0000-00-00 00:00:00', '0000-00-00 00:00:00'),
(379, 'SANTOSO MOTOR', '', '', 'SPARE PARTS', '', '', '', '', '0000-00-00 00:00:00', '0000-00-00 00:00:00'),
(380, 'SEFNI KARAPANG', '', '', 'CAR RENTAL', 'GANDARIA', '', '', '', '0000-00-00 00:00:00', '0000-00-00 00:00:00'),
(381, 'SULHAM', '', '', 'CAR RENTAL', 'TOMORI', '', '', '', '0000-00-00 00:00:00', '0000-00-00 00:00:00'),
(382, 'SUNINGRAT', '', '', 'CAR RENTAL', 'PHKT', '', '', '', '0000-00-00 00:00:00', '0000-00-00 00:00:00'),
(383, 'TEDY RAFELANO', '', '', 'CAR RENTAL', 'DUMAI', ' DURI', '', '', '0000-00-00 00:00:00', '0000-00-00 00:00:00'),
(384, 'TELKOM', '', '', 'TELEPHONE INTERNET SERVICES', '', '', '', '', '0000-00-00 00:00:00', '0000-00-00 00:00:00'),
(385, 'TRIKARYA', '', '', 'SIPIL', '', '', '', '', '0000-00-00 00:00:00', '0000-00-00 00:00:00'),
(411, 'test', '34234', 'ggggg', 'testg', 'sadcdscd', 'test', 'bbbb', 'testtt', '2020-06-10 12:52:03', '2020-06-10 07:53:32'),
(412, 'Matrial Kalibata', '000000', 'Jl kalibata', '-', '-', '00000', '-', 'Matrial Kalibata pembelian power extension', '2020-06-24 15:49:34', NULL),
(413, 'Arinsyah Stationery', '62811156606', 'Jakarta ', 'ATK', 'JAKARTA', '', '', 'Supplier ATK', '2020-08-07 15:31:12', NULL),
(414, 'Kantor POS', '161', 'Cawang', 'ATK MATERAI', 'HO', '', '', 'BELI MATERAI', '2020-10-06 17:30:37', NULL);

-- --------------------------------------------------------

--
-- Table structure for table `t_chart`
--

CREATE TABLE `t_chart` (
  `cart_id` int(11) NOT NULL,
  `item_id` int(11) NOT NULL,
  `price` int(11) NOT NULL,
  `qty` int(11) NOT NULL,
  `total` int(20) NOT NULL,
  `user_id` int(11) NOT NULL
) ENGINE=InnoDB DEFAULT CHARSET=latin1;

-- --------------------------------------------------------

--
-- Table structure for table `t_sale`
--

CREATE TABLE `t_sale` (
  `sale_id` int(11) NOT NULL,
  `invoice` varchar(100) NOT NULL,
  `karyawan_id` int(11) NOT NULL,
  `departement_id` int(11) NOT NULL,
  `note` text NOT NULL,
  `subtotal` int(50) NOT NULL,
  `date` date NOT NULL,
  `user_id` int(11) NOT NULL,
  `created` datetime NOT NULL DEFAULT CURRENT_TIMESTAMP
) ENGINE=InnoDB DEFAULT CHARSET=latin1;

--
-- Dumping data for table `t_sale`
--

INSERT INTO `t_sale` (`sale_id`, `invoice`, `karyawan_id`, `departement_id`, `note`, `subtotal`, `date`, `user_id`, `created`) VALUES
(46, '01/SR/GA/GDSK/VIII/20', 80, 3, 'Ibu endah widiastuti &  Eva Moranty nainggolan', 263000, '2020-08-03', 13, '2020-08-03 15:08:45'),
(47, '02/SR/GA/GDSK/VIII/20', 118, 5, 'Rizka Marketing Komunikasi', 29000, '2020-08-03', 13, '2020-08-03 15:14:49'),
(48, '03/SR/GA/GDSK/VIII/20', 93, 8, 'Arif Meilani Purchasing\n', 44000, '2020-07-29', 13, '2020-08-03 15:18:20'),
(49, '04/SR/GA/GDSK/VIII/20', 82, 3, 'Dyan Maylia', 44000, '2020-07-29', 13, '2020-08-03 15:19:56'),
(50, '05/SR/GA/GDSK/VIII/20', 83, 3, 'Heri finance', 250000, '2020-07-24', 13, '2020-08-03 15:46:05'),
(51, '06/SR/GA/GDSK/VIII/20', 98, 2, 'Anwar Saddad', 15000, '2020-07-24', 13, '2020-08-03 15:56:28'),
(52, '07/SR/GA/GDSK/VIII/20', 120, 2, 'Yunita Payroll', 26000, '2020-07-23', 13, '2020-08-03 16:37:33'),
(53, '08/SR/GA/GDSK/VIII/20', 104, 2, 'Ibu wiwi payroll', 260000, '2020-07-24', 13, '2020-08-03 16:55:26'),
(54, '09/SR/GA/GDSK/VIII/20', 86, 3, 'Eva Moranty nainggolan', 65000, '2020-07-27', 13, '2020-08-03 17:03:11'),
(55, '10/SR/GA/GDSK/VIII/20', 104, 2, 'wiwi payroll', 117000, '2020-07-23', 13, '2020-08-03 17:13:44'),
(56, '11/SR/GA/GDSK/VIII/20', 114, 7, 'Riska PS MInggu', 1219000, '2020-07-20', 13, '2020-08-03 17:22:06'),
(57, '12/SR/GA/GDSK/VIII/20', 104, 2, 'Ibu wiwi Payroll', 44000, '2020-07-27', 10, '2020-08-04 14:36:12'),
(58, '13/SR/GA/GDSK/VIII/20', 84, 3, 'mba euis finance', 32000, '2020-07-27', 10, '2020-08-04 14:44:57'),
(59, '14/SR/GA/GDSK/VIII/20', 81, 3, 'Indra finance', 315000, '2020-07-29', 10, '2020-08-04 14:51:22'),
(60, '15/SR/GA/GDSK/VIII/20', 86, 3, 'Eva Moranty Nainggolan finanace', 60000, '2020-07-27', 10, '2020-08-04 14:52:56'),
(61, '16/SR/GA/GDSK/VIII/20', 97, 10, 'Pak Rasyid QC', 10000, '2020-07-30', 10, '2020-08-04 14:55:21'),
(62, '17/SR/GA/GDSK/VIII/20', 121, 10, 'Delly Faulidina', 44000, '2020-08-03', 10, '2020-08-04 14:57:33'),
(63, '18/SR/GA/GDSK/VIII/20', 104, 2, 'HRD wiwi payroll', 117000, '2020-07-23', 10, '2020-08-04 17:25:42'),
(64, '19/SR/GA/GDSK/VIII/20', 89, 5, 'DIan Marketing', 341000, '2020-08-07', 10, '2020-08-07 16:24:49'),
(65, '20/SR/GA/GDSK/X/20', 89, 5, 'Dian Marekting', 672000, '2020-08-31', 10, '2020-10-06 13:49:22'),
(66, '21/SR/GA/GDSK/X/20', 105, 5, '1 pack adalah50 pcs (Anissa Irawan Marekting)', 42000, '2020-08-30', 10, '2020-10-06 13:52:01'),
(67, '22/SR/GA/GDSK/X/20', 96, 8, 'Untuk Baracuda Request By Ratih Purchasing', 190000, '2020-08-28', 10, '2020-10-06 13:53:51'),
(68, '23/SR/GA/GDSK/X/20', 120, 2, 'Yunita HRD payroll', 232520, '2020-08-28', 10, '2020-10-06 14:01:35'),
(69, '24/SR/GA/GDSK/X/20', 111, 7, 'Untuk Order Taker dan  Nutrisi', 130000, '2020-08-28', 10, '2020-10-06 14:04:40'),
(70, '25/SR/GA/GDSK/X/20', 82, 3, 'Dyan Maylia Finance', 1466997, '2020-08-24', 10, '2020-10-06 14:55:20'),
(71, '26/SR/GA/GDSK/X/20', 68, 7, 'Bu Dessy Facility', 12000, '2020-08-24', 10, '2020-10-06 14:56:38'),
(72, '27/SR/GA/GDSK/X/20', 114, 7, 'Rizka Pasar Minggu', 900000, '2020-08-27', 10, '2020-10-06 14:57:53'),
(73, '28/SR/GA/GDSK/X/20', 77, 3, 'Mas Antun Finance', 490000, '2020-08-24', 10, '2020-10-06 15:00:22'),
(74, '29/SR/GA/GDSK/X/20', 109, 7, 'Cibitung Syifa', 1185000, '2020-08-24', 10, '2020-10-06 15:02:15'),
(75, '30/SR/GA/GDSK/X/20', 105, 2, 'Annisa Irawan Jabatan HR CSTS', 71200, '2020-08-25', 10, '2020-10-06 15:05:40'),
(76, '31/SR/GA/GDSK/X/20', 122, 7, 'Simson Tomori', 250000, '2020-08-25', 10, '2020-10-06 15:19:01'),
(77, '32/SR/GA/GDSK/X/20', 123, 2, 'Tri Anggono', 27480, '2020-08-24', 10, '2020-10-06 15:24:18'),
(78, '33/SR/GA/GDSK/X/20', 96, 8, 'Ratih Purchasing', 12000, '2020-08-24', 10, '2020-10-06 15:26:55'),
(79, '34/SR/GA/GDSK/X/20', 121, 10, 'Delly Hse', 490000, '2020-08-24', 10, '2020-10-06 15:28:53'),
(80, '35/SR/GA/GDSK/X/20', 104, 2, 'BU wiwiw HRD', 52000, '2020-08-31', 10, '2020-10-06 15:34:15'),
(81, '36/SR/GA/GDSK/X/20', 120, 2, '1', 42480, '2020-09-01', 10, '2020-10-06 15:35:43'),
(82, '37/SR/GA/GDSK/X/20', 109, 7, 'Syifa Cibitung', 153000, '2020-08-07', 10, '2020-10-06 15:41:04'),
(83, '38/SR/GA/GDSK/X/20', 86, 3, 'EVA FINANCE', 188000, '2020-08-05', 10, '2020-10-06 15:45:29'),
(84, '39/SR/GA/GDSK/X/20', 109, 7, 'jimmy mgr cibitung', 100000, '2020-08-06', 10, '2020-10-06 15:52:23'),
(85, '40/SR/GA/GDSK/X/20', 109, 7, 'Vendi Marketing CIbitung', 77000, '2020-09-07', 10, '2020-10-06 15:56:47'),
(86, '41/SR/GA/GDSK/X/20', 76, 3, 'partiman finance', 1128000, '2020-08-05', 10, '2020-10-06 15:59:37'),
(87, '42/SR/GA/GDSK/X/20', 74, 2, 'Yusuf Rahmanto GA', 93228, '2020-10-06', 10, '2020-10-06 16:03:25'),
(88, '43/SR/GA/GDSK/X/20', 113, 7, 'Annis Irawan Marketing (ex HR CSTS)', 286520, '2020-09-04', 10, '2020-10-06 16:45:02'),
(89, '44/SR/GA/GDSK/X/20', 74, 2, 'Yusuf Rahmanto GA', 270500, '2020-10-08', 10, '2020-10-06 16:47:16'),
(90, '45/SR/GA/GDSK/X/20', 95, 8, 'Untuk Medco Natuna', 260000, '2020-09-11', 10, '2020-10-06 16:50:17'),
(91, '46/SR/GA/GDSK/X/20', 123, 2, 'Tri Anggono', 12000, '2020-09-10', 10, '2020-10-06 16:51:25'),
(92, '47/SR/GA/GDSK/X/20', 68, 7, 'Dessi Facility', 780000, '2020-09-14', 10, '2020-10-06 16:56:25'),
(93, '48/SR/GA/GDSK/X/20', 89, 5, 'Dian Marketing', 4800000, '2020-09-17', 10, '2020-10-06 16:58:41'),
(94, '49/SR/GA/GDSK/X/20', 86, 3, 'EVA Moranty N', 195000, '2020-09-17', 10, '2020-10-06 17:00:13'),
(95, '50/SR/GA/GDSK/X/20', 111, 7, 'Virgi GANDARIA', 193000, '2020-09-17', 10, '2020-10-06 17:02:19'),
(96, '51/SR/GA/GDSK/X/20', 116, 6, 'Dbu dita BOD', 6000, '2020-09-15', 10, '2020-10-06 17:03:11'),
(97, '52/SR/GA/GDSK/X/20', 114, 7, 'rizka pasar minggu', 726580, '2020-09-16', 10, '2020-10-06 17:15:41'),
(98, '53/SR/GA/GDSK/X/20', 76, 2, 'Partiman finanance', 150760, '2020-09-07', 10, '2020-10-06 17:26:22'),
(99, '54/SR/GA/GDSK/X/20', 111, 7, 'Virgi Gandaria', 316500, '2020-09-07', 10, '2020-10-06 17:28:24'),
(100, '55/SR/GA/GDSK/X/20', 98, 2, 'Anwar Sadad GA', 54000, '2020-09-07', 10, '2020-10-06 17:31:56'),
(101, '56/SR/GA/GDSK/X/20', 86, 3, 'Eva Finance', 1265000, '2020-09-09', 10, '2020-10-06 17:33:49'),
(102, '57/SR/GA/GDSK/X/20', 107, 7, 'Untuk Matak di wakilkan mba itdah', 55000, '2020-09-29', 10, '2020-10-06 17:35:23'),
(103, '58/SR/GA/GDSK/X/20', 121, 10, 'DELLY HSE', 12000, '2020-09-25', 10, '2020-10-06 17:36:49'),
(104, '59/SR/GA/GDSK/X/20', 89, 5, 'Dian Marketing', 117000, '2020-09-25', 10, '2020-10-06 17:38:42'),
(105, '60/SR/GA/GDSK/X/20', 107, 7, 'medco matak yang menerima pak suradi driver', 2900000, '2020-09-24', 10, '2020-10-06 17:41:19'),
(106, '61/SR/GA/GDSK/X/20', 85, 3, 'febriana dwi lestari finance', 6000, '2020-09-17', 10, '2020-10-06 17:42:47'),
(107, '62/SR/GA/GDSK/X/20', 121, 10, 'Delly HSE', 48000, '2020-09-23', 10, '2020-10-06 17:44:25'),
(108, '63/SR/GA/GDSK/X/20', 96, 8, 'Ratih Purchasing', 1660000, '2020-09-22', 10, '2020-10-06 17:46:13'),
(109, '64/SR/GA/GDSK/X/20', 80, 3, 'endah finance', 492748, '2020-09-22', 10, '2020-10-06 17:48:20'),
(110, '65/SR/GA/GDSK/X/20', 109, 7, 'Tinta Magenta Di Terima Angga IT', 780000, '2020-09-27', 10, '2020-10-07 12:10:02'),
(111, '66/SR/GA/GDSK/X/20', 109, 7, 'cibitung Area', 85000, '2020-09-23', 10, '2020-10-07 12:39:13'),
(112, '67/SR/GA/GDSK/X/20', 111, 7, 'Gandaria yang menerima driver ', 1179760, '2020-09-08', 10, '2020-10-07 12:48:13'),
(113, '68/SR/GA/GDSK/X/20', 106, 3, 'Debby Accounting', 12000, '2020-10-06', 10, '2020-10-07 12:53:09'),
(114, '69/SR/GA/GDSK/X/20', 114, 7, 'RISKA Pasar Minggu', 38000, '2020-10-02', 10, '2020-10-07 13:05:08'),
(115, '70/SR/GA/GDSK/X/20', 82, 3, 'Dyan Maylia Finance', 12000, '2020-10-02', 10, '2020-10-07 13:07:16'),
(116, '71/SR/GA/GDSK/X/20', 86, 3, 'Eva Moranty Naninggolan', 190000, '2020-10-02', 10, '2020-10-07 13:09:33'),
(117, '72/SR/GA/GDSK/X/20', 104, 2, 'Materai 6000', 54000, '2020-10-06', 10, '2020-10-07 13:14:59'),
(118, '73/SR/GA/GDSK/X/20', 89, 3, 'DIAN MARKETING', 218000, '2020-10-05', 10, '2020-10-07 13:17:25'),
(119, '74/SR/GA/GDSK/X/20', 86, 3, 'TINTA 85 a', 250000, '2020-10-07', 10, '2020-10-07 13:19:58'),
(120, '75/SR/GA/GDSK/X/20', 124, 4, 'Angga IT', 12000, '2020-10-07', 10, '2020-10-07 13:29:14'),
(121, '76/SR/GA/GDSK/X/20', 121, 10, 'Delly HSE', 144000, '2020-10-01', 10, '2020-10-07 13:43:28'),
(122, '77/SR/GA/GDSK/X/20', 122, 7, 'Daeng Tomori', 209000, '2020-10-09', 10, '2020-10-09 16:43:36'),
(123, '78/SR/GA/GDSK/X/20', 111, 7, 'Gandariia VIRGI', 136000, '2020-10-09', 10, '2020-10-09 16:45:29'),
(124, '79/SR/GA/GDSK/X/20', 89, 5, 'Marketing DIan', 176000, '2020-10-09', 10, '2020-10-09 16:46:49'),
(125, '80/SR/GA/GDSK/X/20', 116, 6, 'Bu DITA BOD', 12000, '2020-10-09', 10, '2020-10-09 16:47:51'),
(126, '81/SR/GA/GDSK/X/20', 114, 7, 'Riska Pasar Minggu', 1176520, '2020-10-09', 10, '2020-10-09 17:00:37'),
(127, '82/SR/GA/GDSK/X/20', 86, 3, 'Eva FInance', 156000, '2020-10-08', 10, '2020-10-09 17:01:43'),
(128, '83/SR/GA/GDSK/X/20', 74, 2, 'Yusuf GA', 16000, '2020-10-07', 10, '2020-10-09 17:02:35'),
(129, '84/SR/GA/GDSK/X/20', 111, 7, 'Batrei A4 Size AAA', 48000, '2020-10-02', 10, '2020-10-09 17:03:56'),
(130, '85/SR/GA/GDSK/X/20', 76, 3, 'Partiman Finance', 250000, '2020-10-12', 10, '2020-10-12 14:30:44'),
(131, '86/SR/GA/GDSK/X/20', 111, 7, 'Virgi Gandaria', 898000, '2020-10-12', 10, '2020-10-12 14:36:08'),
(132, '87/SR/GA/GDSK/X/20', 114, 7, 'Riska Pasar Minggu', 150000, '2020-10-09', 10, '2020-10-12 14:37:08'),
(133, '88/SR/GA/GDSK/X/20', 93, 8, 'Arief meilani purchasing', 12000, '2020-10-20', 10, '2020-10-20 14:35:18'),
(134, '89/SR/GA/GDSK/X/20', 86, 3, 'Eva finance', 195000, '2020-10-20', 10, '2020-10-20 14:40:26'),
(135, '90/SR/GA/GDSK/X/20', 89, 5, 'Dian Marketing', 108000, '2020-10-13', 10, '2020-10-20 14:43:20'),
(136, '91/SR/GA/GDSK/X/20', 83, 3, 'heri finance', 1410000, '2020-10-13', 10, '2020-10-20 14:44:21'),
(137, '92/SR/GA/GDSK/X/20', 86, 3, 'Eva Morany nainggolan finance', 42000, '2020-10-12', 10, '2020-10-20 14:46:35'),
(138, '93/SR/GA/GDSK/X/20', 68, 7, 'Bu dessy Facility', 846000, '2020-10-13', 10, '2020-10-20 14:49:20'),
(139, '94/SR/GA/GDSK/X/20', 86, 3, 'Eva Finance', 25000, '2020-10-19', 10, '2020-10-20 14:50:43'),
(140, '95/SR/GA/GDSK/X/20', 109, 7, 'Imam CIbitung', 120000, '2020-10-18', 10, '2020-10-20 14:52:47'),
(141, '96/SR/GA/GDSK/X/20', 104, 2, 'Bu wiwi HRGA', 72000, '2020-10-15', 10, '2020-10-20 14:53:40'),
(142, '97/SR/GA/GDSK/X/20', 111, 7, 'Gandaria', 375000, '2020-10-16', 10, '2020-10-20 14:54:44'),
(143, '98/SR/GA/GDSK/X/20', 123, 2, 'HRGA', 87000, '2020-10-20', 10, '2020-10-20 14:55:58'),
(144, '99/SR/GA/GDSK/X/20', 111, 7, 'Virgi Gandaria', 39000, '2020-10-14', 10, '2020-10-20 14:56:58'),
(146, '100/SR/GA/GDSK/X/20', 77, 3, 'Antun Finance', 52500, '2020-10-14', 10, '2020-10-20 15:03:46'),
(147, '101/SR/GA/GDSK/X/20', 89, 5, 'Dian  Marketing ', 278000, '2020-10-21', 10, '2020-10-30 14:10:42'),
(148, '102/SR/GA/GDSK/X/20', 109, 7, 'syiba cibitung', 820000, '2020-10-13', 10, '2020-10-30 14:21:28'),
(149, '103/SR/GA/GDSK/X/20', 120, 2, 'Yunita HRD', 315000, '2020-10-20', 10, '2020-10-30 14:22:24'),
(150, '104/SR/GA/GDSK/X/20', 109, 7, 'Pak Vendi Martin', 27980, '2020-10-20', 10, '2020-10-30 14:25:03'),
(151, '105/SR/GA/GDSK/X/20', 83, 3, 'Heri finance', 31600, '2020-10-20', 10, '2020-10-30 14:26:20'),
(152, '106/SR/GA/GDSK/X/20', 109, 7, 'Vendi martin sales', 140000, '2020-10-26', 10, '2020-10-30 14:31:26'),
(153, '107/SR/GA/GDSK/X/20', 88, 5, 'Pak taufik marketing', 18000, '2020-10-26', 10, '2020-10-30 14:33:13'),
(154, '108/SR/GA/GDSK/X/20', 81, 3, 'Indra Finance', 85000, '2020-10-26', 10, '2020-10-30 14:34:49'),
(155, '109/SR/GA/GDSK/X/20', 114, 7, 'Riska RSUD Pasar Minggu', 528800, '2020-10-28', 10, '2020-10-30 14:38:01'),
(156, '110/SR/GA/GDSK/X/20', 79, 3, 'Mba Pebi kasir finance', 250000, '2020-10-28', 10, '2020-10-30 14:42:35'),
(157, '111/SR/GA/GDSK/X/20', 77, 2, 'Anwar GA', 51500, '2020-10-27', 10, '2020-10-30 15:17:45'),
(158, '112/SR/GA/GDSK/XI/20', 84, 3, 'Mba euis Finance', 32000, '2020-11-02', 10, '2020-11-02 13:45:14');

-- --------------------------------------------------------

--
-- Table structure for table `t_sale_detail`
--

CREATE TABLE `t_sale_detail` (
  `detail_id` int(11) NOT NULL,
  `sale_id` int(11) NOT NULL,
  `item_id` int(11) NOT NULL,
  `qty` int(11) NOT NULL
) ENGINE=InnoDB DEFAULT CHARSET=latin1;

--
-- Dumping data for table `t_sale_detail`
--

INSERT INTO `t_sale_detail` (`detail_id`, `sale_id`, `item_id`, `qty`) VALUES
(31, 22, 405, 12),
(32, 23, 381, 4),
(33, 23, 336, 3),
(34, 23, 384, 24),
(35, 23, 430, 24),
(36, 23, 439, 1),
(37, 23, 359, 3),
(38, 23, 306, 5),
(39, 23, 380, 1),
(40, 23, 304, 5),
(41, 24, 295, 1),
(42, 24, 376, 3),
(43, 24, 382, 2),
(44, 24, 342, 5),
(45, 25, 440, 1),
(46, 26, 381, 5),
(47, 26, 441, 1),
(48, 27, 409, 1),
(49, 27, 410, 1),
(50, 27, 329, 1),
(51, 27, 318, 30),
(52, 27, 399, 1),
(53, 27, 305, 10),
(54, 27, 306, 10),
(55, 27, 445, 2),
(56, 27, 444, 2),
(57, 27, 443, 10),
(58, 27, 421, 9),
(59, 27, 371, 2),
(60, 27, 324, 2),
(61, 27, 326, 2),
(62, 27, 450, 1),
(63, 27, 448, 1),
(64, 27, 449, 1),
(65, 28, 388, 1),
(66, 29, 432, 1),
(67, 29, 433, 1),
(68, 29, 435, 1),
(69, 29, 434, 1),
(70, 29, 381, 5),
(71, 29, 418, 1),
(72, 30, 404, 2),
(73, 30, 405, 2),
(74, 30, 406, 1),
(75, 30, 407, 2),
(76, 30, 302, 1),
(77, 30, 337, 1),
(78, 30, 304, 2),
(79, 30, 295, 1),
(80, 31, 381, 1),
(81, 31, 336, 1),
(82, 32, 384, 30),
(83, 32, 388, 1),
(84, 33, 447, 5),
(85, 34, 336, 3),
(86, 34, 381, 3),
(87, 34, 319, 3000),
(88, 35, 418, 1),
(89, 36, 312, 10),
(90, 36, 305, 24),
(91, 37, 304, 1),
(92, 37, 336, 1),
(93, 37, 302, 1),
(94, 38, 384, 2),
(95, 39, 434, 1),
(96, 40, 394, 2),
(97, 40, 343, 10),
(98, 41, 381, 1),
(99, 41, 304, 1),
(100, 41, 441, 1),
(101, 42, 293, 7),
(102, 42, 294, 2),
(103, 42, 297, 1),
(104, 43, 293, 1),
(105, 43, 294, 1),
(106, 44, 293, 1),
(107, 44, 296, 1),
(108, 45, 293, 3),
(109, 45, 294, 1),
(110, 46, 465, 1),
(111, 46, 635, 1),
(112, 47, 565, 1),
(113, 47, 496, 1),
(114, 47, 560, 1),
(115, 47, 552, 1),
(116, 48, 510, 1),
(117, 49, 510, 1),
(118, 50, 635, 1),
(119, 51, 481, 1),
(120, 52, 547, 1),
(121, 52, 465, 2),
(122, 53, 534, 40),
(123, 54, 497, 1),
(124, 55, 534, 18),
(125, 56, 575, 12),
(126, 56, 474, 1),
(127, 56, 542, 1),
(128, 56, 461, 50),
(129, 56, 583, 4),
(130, 56, 556, 2),
(131, 56, 554, 2),
(132, 56, 560, 2),
(133, 56, 600, 1),
(134, 57, 510, 1),
(135, 58, 546, 2),
(136, 59, 627, 1),
(137, 60, 569, 5),
(138, 61, 500, 1),
(139, 62, 510, 1),
(140, 63, 534, 18),
(141, 64, 510, 7),
(142, 64, 485, 12),
(143, 64, 482, 1),
(144, 65, 596, 1),
(145, 65, 512, 2),
(146, 65, 463, 5),
(147, 65, 464, 5),
(148, 65, 485, 20),
(149, 66, 558, 1),
(150, 67, 606, 1),
(151, 67, 607, 3),
(152, 68, 510, 1),
(153, 68, 565, 24),
(154, 68, 558, 2),
(155, 68, 552, 1),
(156, 68, 546, 2),
(157, 69, 497, 2),
(158, 70, 642, 1),
(159, 70, 462, 50),
(160, 70, 510, 5),
(161, 70, 626, 1),
(162, 70, 627, 1),
(163, 70, 643, 1),
(164, 70, 467, 1),
(165, 71, 467, 1),
(166, 72, 600, 1),
(167, 72, 592, 2),
(168, 73, 634, 1),
(169, 73, 506, 80),
(170, 74, 468, 100),
(171, 74, 592, 20),
(172, 74, 597, 10),
(173, 75, 485, 6),
(174, 75, 486, 6),
(175, 75, 562, 1),
(176, 76, 592, 20),
(177, 77, 467, 2),
(178, 77, 565, 1),
(179, 78, 467, 2),
(180, 79, 613, 1),
(181, 80, 534, 8),
(182, 81, 510, 1),
(183, 81, 565, 1),
(184, 82, 468, 15),
(185, 82, 597, 3),
(186, 83, 512, 1),
(187, 83, 638, 1),
(188, 83, 462, 50),
(189, 84, 507, 20),
(190, 85, 467, 1),
(191, 85, 497, 1),
(192, 86, 540, 3),
(193, 86, 640, 1),
(194, 87, 546, 2),
(195, 87, 639, 1),
(196, 87, 638, 1),
(197, 87, 565, 1),
(198, 87, 597, 2),
(199, 88, 565, 24),
(200, 88, 510, 2),
(201, 88, 511, 2),
(202, 88, 500, 2),
(203, 89, 510, 2),
(204, 89, 511, 1),
(205, 89, 558, 2),
(206, 89, 559, 1),
(207, 89, 482, 2),
(208, 90, 592, 11),
(209, 90, 601, 1),
(210, 90, 469, 300),
(211, 91, 465, 1),
(212, 92, 618, 1),
(213, 92, 614, 1),
(214, 93, 645, 4),
(215, 93, 646, 2),
(216, 93, 647, 2),
(217, 94, 510, 5),
(218, 95, 597, 10),
(219, 95, 486, 40),
(220, 96, 482, 2),
(221, 97, 481, 1),
(222, 97, 479, 1),
(223, 97, 480, 1),
(224, 97, 565, 40),
(225, 97, 500, 2),
(226, 97, 497, 1),
(227, 97, 639, 60),
(228, 97, 494, 2),
(229, 97, 592, 3),
(230, 97, 560, 1),
(231, 97, 518, 25),
(232, 97, 506, 20),
(233, 98, 506, 20),
(234, 98, 560, 1),
(235, 98, 565, 12),
(236, 98, 510, 1),
(237, 99, 638, 4),
(238, 99, 511, 3),
(239, 99, 471, 2),
(240, 100, 534, 9),
(241, 101, 512, 1),
(242, 101, 618, 1),
(243, 101, 615, 1),
(244, 101, 635, 1),
(245, 101, 597, 10),
(246, 102, 506, 10),
(247, 102, 507, 5),
(248, 103, 467, 1),
(249, 104, 510, 3),
(250, 105, 644, 10),
(251, 106, 556, 1),
(252, 106, 554, 1),
(253, 107, 467, 4),
(254, 108, 613, 1),
(255, 108, 614, 1),
(256, 108, 615, 1),
(257, 108, 618, 1),
(258, 109, 477, 10),
(259, 109, 546, 20),
(260, 109, 506, 5),
(261, 109, 507, 5),
(262, 109, 560, 1),
(263, 109, 639, 1),
(264, 110, 615, 2),
(265, 111, 468, 10),
(266, 112, 469, 600),
(267, 112, 505, 2),
(268, 112, 592, 20),
(269, 112, 593, 10),
(270, 112, 493, 20),
(271, 112, 482, 2),
(272, 112, 565, 12),
(273, 112, 485, 10),
(274, 112, 486, 10),
(275, 113, 467, 1),
(276, 114, 638, 1),
(277, 115, 467, 1),
(278, 116, 638, 5),
(279, 117, 534, 9),
(280, 118, 532, 1),
(281, 118, 544, 1),
(282, 118, 510, 2),
(283, 118, 497, 1),
(284, 119, 635, 1),
(285, 120, 465, 1),
(286, 121, 465, 12),
(287, 122, 592, 10),
(288, 122, 571, 3),
(289, 122, 546, 3),
(290, 123, 597, 6),
(291, 123, 468, 10),
(292, 124, 512, 1),
(293, 124, 485, 4),
(294, 124, 546, 1),
(295, 125, 596, 1),
(296, 126, 588, 2),
(297, 126, 565, 24),
(298, 126, 600, 1),
(299, 126, 510, 2),
(300, 127, 510, 4),
(301, 128, 546, 1),
(302, 129, 467, 4),
(303, 130, 635, 1),
(304, 131, 592, 30),
(305, 131, 510, 4),
(306, 131, 641, 2),
(307, 131, 519, 25),
(308, 131, 573, 3),
(309, 131, 495, 2),
(310, 131, 567, 2),
(311, 131, 500, 1),
(312, 131, 542, 1),
(313, 131, 546, 1),
(314, 132, 602, 1),
(315, 132, 603, 1),
(316, 133, 465, 1),
(317, 134, 510, 5),
(318, 135, 510, 2),
(319, 135, 485, 12),
(320, 136, 540, 5),
(321, 137, 471, 12),
(322, 138, 540, 3),
(323, 139, 532, 1),
(324, 139, 461, 100),
(325, 140, 596, 10),
(326, 141, 534, 12),
(327, 142, 592, 10),
(328, 142, 593, 10),
(329, 143, 465, 4),
(330, 143, 510, 1),
(331, 144, 510, 1),
(333, 146, 511, 1),
(334, 147, 537, 1),
(335, 147, 510, 2),
(336, 148, 468, 30),
(337, 148, 516, 1),
(338, 148, 488, 20),
(339, 149, 628, 1),
(340, 150, 596, 1),
(341, 150, 565, 1),
(342, 150, 592, 1),
(343, 151, 649, 1),
(344, 151, 552, 1),
(345, 152, 537, 1),
(346, 153, 482, 6),
(347, 154, 552, 1),
(348, 154, 532, 3),
(349, 155, 485, 24),
(350, 155, 486, 24),
(351, 155, 558, 1),
(352, 155, 559, 1),
(353, 155, 562, 12),
(354, 155, 576, 12),
(355, 156, 635, 1),
(356, 157, 510, 1),
(357, 157, 592, 1),
(358, 158, 546, 2);

--
-- Triggers `t_sale_detail`
--
DELIMITER $$
CREATE TRIGGER `stok_min` AFTER INSERT ON `t_sale_detail` FOR EACH ROW BEGIN
UPDATE item set stock = stock - NEW.qty

WHERE item_id = NEW.item_id;

END
$$
DELIMITER ;

-- --------------------------------------------------------

--
-- Table structure for table `t_stock`
--

CREATE TABLE `t_stock` (
  `stock_id` int(11) NOT NULL,
  `item_id` int(11) NOT NULL,
  `type` enum('in','out') NOT NULL,
  `detail` varchar(200) NOT NULL,
  `supplier_id` int(11) DEFAULT NULL,
  `qty` int(11) NOT NULL,
  `date` date NOT NULL,
  `created` datetime NOT NULL DEFAULT CURRENT_TIMESTAMP,
  `user_id` int(11) NOT NULL,
  `updated` datetime DEFAULT NULL
) ENGINE=InnoDB DEFAULT CHARSET=latin1;

--
-- Dumping data for table `t_stock`
--

INSERT INTO `t_stock` (`stock_id`, `item_id`, `type`, `detail`, `supplier_id`, `qty`, `date`, `created`, `user_id`, `updated`) VALUES
(114, 293, 'in', '', 25, 41, '2020-06-05', '2020-06-05 00:00:00', 13, '0000-00-00 00:00:00'),
(115, 294, 'in', '', 25, 52, '2020-06-05', '2020-06-05 00:00:00', 13, '0000-00-00 00:00:00'),
(116, 295, 'in', '', 25, 14, '2020-06-05', '2020-06-05 00:00:00', 13, '0000-00-00 00:00:00'),
(117, 296, 'in', '', 25, 9, '2020-06-05', '2020-06-05 00:00:00', 13, '0000-00-00 00:00:00'),
(118, 297, 'in', '', 25, 89, '2020-06-05', '2020-06-05 00:00:00', 13, '0000-00-00 00:00:00'),
(119, 298, 'in', '', 25, 38, '2020-06-05', '2020-06-05 00:00:00', 13, '0000-00-00 00:00:00'),
(120, 299, 'in', '', 25, 16, '2020-06-05', '2020-06-05 00:00:00', 13, '0000-00-00 00:00:00'),
(121, 300, 'in', '', 25, 38, '2020-06-05', '2020-06-05 00:00:00', 13, '0000-00-00 00:00:00'),
(122, 301, 'in', '', 25, 64, '2020-06-05', '2020-06-05 00:00:00', 13, '0000-00-00 00:00:00'),
(123, 302, 'in', '', 25, 96, '2020-06-05', '2020-06-05 00:00:00', 13, '0000-00-00 00:00:00'),
(124, 303, 'in', '', 25, 50, '2020-06-05', '2020-06-05 00:00:00', 13, '0000-00-00 00:00:00'),
(125, 304, 'in', '', 25, 21, '2020-06-05', '2020-06-05 00:00:00', 13, '0000-00-00 00:00:00'),
(126, 305, 'in', '', 25, 91, '2020-06-05', '2020-06-05 00:00:00', 13, '0000-00-00 00:00:00'),
(127, 306, 'in', '', 25, 14, '2020-06-05', '2020-06-05 00:00:00', 13, '0000-00-00 00:00:00'),
(128, 307, 'in', '', 25, 29, '2020-06-05', '2020-06-05 00:00:00', 13, '0000-00-00 00:00:00'),
(129, 308, 'in', '', 25, 6, '2020-06-05', '2020-06-05 00:00:00', 13, '0000-00-00 00:00:00'),
(130, 309, 'in', '', 25, 62, '2020-06-05', '2020-06-05 00:00:00', 13, '0000-00-00 00:00:00'),
(131, 310, 'in', '', 25, 8, '2020-06-05', '2020-06-05 00:00:00', 13, '0000-00-00 00:00:00'),
(132, 311, 'in', '', 25, 60, '2020-06-05', '2020-06-05 00:00:00', 13, '0000-00-00 00:00:00'),
(133, 312, 'in', '', 25, 31, '2020-06-05', '2020-06-05 00:00:00', 13, '0000-00-00 00:00:00'),
(134, 313, 'in', '', 25, 119, '2020-06-05', '2020-06-05 00:00:00', 13, '0000-00-00 00:00:00'),
(135, 314, 'in', '', 25, 37, '2020-06-05', '2020-06-05 00:00:00', 13, '0000-00-00 00:00:00'),
(136, 315, 'in', '', 25, 91, '2020-06-05', '2020-06-05 00:00:00', 13, '0000-00-00 00:00:00'),
(137, 316, 'in', '', 25, 406, '2020-06-05', '2020-06-05 00:00:00', 13, '0000-00-00 00:00:00'),
(138, 317, 'in', '', 25, 98, '2020-06-05', '2020-06-05 00:00:00', 13, '0000-00-00 00:00:00'),
(139, 318, 'in', '', 25, 75, '2020-06-05', '2020-06-05 00:00:00', 13, '0000-00-00 00:00:00'),
(140, 319, 'in', '', 25, 5, '2020-06-05', '2020-06-05 00:00:00', 13, '0000-00-00 00:00:00'),
(141, 320, 'in', '', 25, 60, '2020-06-05', '2020-06-05 00:00:00', 13, '0000-00-00 00:00:00'),
(142, 321, 'in', '', 25, 41, '2020-06-05', '2020-06-05 00:00:00', 13, '0000-00-00 00:00:00'),
(143, 322, 'in', '', 25, 29, '2020-06-05', '2020-06-05 00:00:00', 13, '0000-00-00 00:00:00'),
(144, 323, 'in', '', 25, 29, '2020-06-05', '2020-06-05 00:00:00', 13, '0000-00-00 00:00:00'),
(145, 324, 'in', '', 23, 9, '2020-06-05', '2020-06-05 00:00:00', 13, '0000-00-00 00:00:00'),
(146, 325, 'in', '', 23, 5, '2020-06-05', '2020-06-05 00:00:00', 13, '0000-00-00 00:00:00'),
(147, 326, 'in', '', 23, 9, '2020-06-05', '2020-06-05 00:00:00', 13, '0000-00-00 00:00:00'),
(148, 327, 'in', '', 23, 13, '2020-06-05', '2020-06-05 00:00:00', 13, '0000-00-00 00:00:00'),
(149, 328, 'in', '', 23, 15, '2020-06-05', '2020-06-05 00:00:00', 13, '0000-00-00 00:00:00'),
(150, 329, 'in', '', 23, 5, '2020-06-05', '2020-06-05 00:00:00', 13, '0000-00-00 00:00:00'),
(151, 330, 'in', '', 23, 2, '2020-06-05', '2020-06-05 00:00:00', 13, '0000-00-00 00:00:00'),
(152, 331, 'in', '', 23, 8, '2020-06-05', '2020-06-05 00:00:00', 13, '0000-00-00 00:00:00'),
(153, 332, 'in', '', 23, 37, '2020-06-05', '2020-06-05 00:00:00', 13, '0000-00-00 00:00:00'),
(157, 336, 'in', '', 23, 4, '2020-06-05', '2020-06-05 00:00:00', 13, '0000-00-00 00:00:00'),
(158, 337, 'in', '', 25, 10, '2020-06-05', '2020-06-05 00:00:00', 13, '0000-00-00 00:00:00'),
(159, 338, 'in', '', 25, 1, '2020-06-05', '2020-06-05 00:00:00', 13, '0000-00-00 00:00:00'),
(160, 339, 'in', '', 25, 1, '2020-06-05', '2020-06-05 00:00:00', 13, '0000-00-00 00:00:00'),
(161, 340, 'in', '', 25, 1, '2020-06-05', '2020-06-05 00:00:00', 13, '0000-00-00 00:00:00'),
(162, 341, 'in', '', 25, 4, '2020-06-05', '2020-06-05 00:00:00', 13, '0000-00-00 00:00:00'),
(163, 342, 'in', '', 25, 10, '2020-06-05', '2020-06-05 00:00:00', 13, '0000-00-00 00:00:00'),
(164, 343, 'in', '', 25, 3, '2020-06-05', '2020-06-05 00:00:00', 13, '0000-00-00 00:00:00'),
(168, 347, 'in', '', 25, 19, '2020-06-05', '2020-06-05 00:00:00', 13, '0000-00-00 00:00:00'),
(169, 348, 'in', '', 25, 12, '2020-06-05', '2020-06-05 00:00:00', 13, '0000-00-00 00:00:00'),
(173, 352, 'in', '', 25, 14, '2020-06-05', '2020-06-05 00:00:00', 13, '0000-00-00 00:00:00'),
(174, 353, 'in', '', 25, 4, '2020-06-05', '2020-06-05 00:00:00', 13, '0000-00-00 00:00:00'),
(175, 354, 'in', '', 25, 2, '2020-06-05', '2020-06-05 00:00:00', 13, '0000-00-00 00:00:00'),
(176, 355, 'in', '', 25, 3, '2020-06-05', '2020-06-05 00:00:00', 13, '0000-00-00 00:00:00'),
(177, 356, 'in', '', 25, 32, '2020-06-05', '2020-06-05 00:00:00', 13, '0000-00-00 00:00:00'),
(178, 357, 'in', '', 25, 15, '2020-06-05', '2020-06-05 00:00:00', 13, '0000-00-00 00:00:00'),
(179, 358, 'in', '', 25, 10, '2020-06-05', '2020-06-05 00:00:00', 13, '0000-00-00 00:00:00'),
(180, 359, 'in', '', 25, 13, '2020-06-05', '2020-06-05 00:00:00', 13, '0000-00-00 00:00:00'),
(181, 360, 'in', '', 25, 5, '2020-06-05', '2020-06-05 00:00:00', 13, '0000-00-00 00:00:00'),
(182, 361, 'in', '', 25, 5, '2020-06-05', '2020-06-05 00:00:00', 13, '0000-00-00 00:00:00'),
(183, 362, 'in', '', 25, 4, '2020-06-05', '2020-06-05 00:00:00', 13, '0000-00-00 00:00:00'),
(184, 363, 'in', '', 25, 1, '2020-06-05', '2020-06-05 00:00:00', 13, '0000-00-00 00:00:00'),
(185, 364, 'in', '', 25, 5, '2020-06-05', '2020-06-05 00:00:00', 13, '0000-00-00 00:00:00'),
(186, 365, 'in', '', 25, 5, '2020-06-05', '2020-06-05 00:00:00', 13, '0000-00-00 00:00:00'),
(187, 366, 'in', '', 25, 4, '2020-06-05', '2020-06-05 00:00:00', 13, '0000-00-00 00:00:00'),
(188, 367, 'in', '', 25, 2, '2020-06-05', '2020-06-05 00:00:00', 13, '0000-00-00 00:00:00'),
(189, 368, 'in', '', 25, 1, '2020-06-05', '2020-06-05 00:00:00', 13, '0000-00-00 00:00:00'),
(190, 369, 'in', '', 25, 1, '2020-06-05', '2020-06-05 00:00:00', 13, '0000-00-00 00:00:00'),
(191, 370, 'in', '', 25, 1, '2020-06-05', '2020-06-05 00:00:00', 13, '0000-00-00 00:00:00'),
(192, 371, 'in', '', 25, 3, '2020-06-05', '2020-06-05 00:00:00', 13, '0000-00-00 00:00:00'),
(193, 372, 'in', '', 25, 5, '2020-06-05', '2020-06-05 00:00:00', 13, '0000-00-00 00:00:00'),
(194, 373, 'in', '', 25, 8, '2020-06-05', '2020-06-05 00:00:00', 13, '0000-00-00 00:00:00'),
(195, 374, 'in', '', 25, 10, '2020-06-05', '2020-06-05 00:00:00', 13, '0000-00-00 00:00:00'),
(196, 375, 'in', '', 25, 7, '2020-06-05', '2020-06-05 00:00:00', 13, '0000-00-00 00:00:00'),
(197, 376, 'in', '', 25, 11, '2020-06-05', '2020-06-05 00:00:00', 13, '0000-00-00 00:00:00'),
(198, 377, 'in', '', 25, 5, '2020-06-05', '2020-06-05 00:00:00', 13, '0000-00-00 00:00:00'),
(199, 378, 'in', '', 25, 10, '2020-06-05', '2020-06-05 00:00:00', 13, '0000-00-00 00:00:00'),
(200, 379, 'in', '', 25, 5, '2020-06-05', '2020-06-05 00:00:00', 13, '0000-00-00 00:00:00'),
(201, 380, 'in', '', 25, 0, '2020-06-05', '2020-06-05 00:00:00', 13, '0000-00-00 00:00:00'),
(202, 381, 'in', '', 25, 0, '2020-06-05', '2020-06-05 00:00:00', 13, '0000-00-00 00:00:00'),
(203, 382, 'in', '', 25, 5, '2020-06-05', '2020-06-05 00:00:00', 13, '0000-00-00 00:00:00'),
(204, 383, 'in', '', 25, 5, '2020-06-05', '2020-06-05 00:00:00', 13, '0000-00-00 00:00:00'),
(205, 384, 'in', '', 25, 1, '2020-06-05', '2020-06-05 00:00:00', 13, '0000-00-00 00:00:00'),
(206, 385, 'in', '', 25, 1, '2020-06-05', '2020-06-05 00:00:00', 13, '0000-00-00 00:00:00'),
(207, 386, 'in', '', 25, 10, '2020-06-05', '2020-06-05 00:00:00', 13, '0000-00-00 00:00:00'),
(208, 387, 'in', '', 25, 10, '2020-06-05', '2020-06-05 00:00:00', 13, '0000-00-00 00:00:00'),
(209, 388, 'in', '', 25, 12, '2020-06-05', '2020-06-05 00:00:00', 13, '0000-00-00 00:00:00'),
(210, 389, 'in', '', 25, 5, '2020-06-05', '2020-06-05 00:00:00', 13, '0000-00-00 00:00:00'),
(211, 390, 'in', '', 25, 7, '2020-06-05', '2020-06-05 00:00:00', 13, '0000-00-00 00:00:00'),
(212, 391, 'in', '', 25, 7, '2020-06-05', '2020-06-05 00:00:00', 13, '0000-00-00 00:00:00'),
(213, 392, 'in', '', 25, 6, '2020-06-05', '2020-06-05 00:00:00', 13, '0000-00-00 00:00:00'),
(214, 393, 'in', '', 25, 12, '2020-06-05', '2020-06-05 00:00:00', 13, '0000-00-00 00:00:00'),
(215, 394, 'in', '', 25, 8, '2020-06-05', '2020-06-05 00:00:00', 13, '0000-00-00 00:00:00'),
(216, 395, 'in', '', 25, 6, '2020-06-05', '2020-06-05 00:00:00', 13, '0000-00-00 00:00:00'),
(217, 396, 'in', '', 25, 2, '2020-06-05', '2020-06-05 00:00:00', 13, '0000-00-00 00:00:00'),
(218, 397, 'in', '', 25, 1, '2020-06-05', '2020-06-05 00:00:00', 13, '0000-00-00 00:00:00'),
(219, 398, 'in', '', 25, 1, '2020-06-05', '2020-06-05 00:00:00', 13, '0000-00-00 00:00:00'),
(220, 399, 'in', '', 25, 5, '2020-06-05', '2020-06-05 00:00:00', 13, '0000-00-00 00:00:00'),
(221, 400, 'in', '', 25, 2, '2020-06-05', '2020-06-05 00:00:00', 13, '0000-00-00 00:00:00'),
(222, 401, 'in', '', 25, 1, '2020-06-05', '2020-06-05 00:00:00', 13, '0000-00-00 00:00:00'),
(225, 381, 'in', 'Stok In  20 rim', 23, 20, '2020-06-08', '2020-06-08 15:50:11', 13, NULL),
(226, 403, 'in', 'Kertas a4 70 gr merek copy paper 10 rim ( beli mendadak karena stok habis)', 26, 10, '2020-06-08', '2020-06-08 15:53:58', 13, NULL),
(227, 355, 'out', 'SALAH INPUT HARUSNYA 2 DATA', NULL, 1, '2020-06-08', '2020-06-08 16:27:53', 13, NULL),
(228, 404, 'in', 'STOCK IN 30 PCS', 23, 30, '2020-06-08', '2020-06-08 16:29:21', 13, NULL),
(229, 405, 'in', 'STOCK IN 34 PCS', 23, 34, '2020-06-08', '2020-06-08 16:29:53', 13, NULL),
(230, 406, 'in', 'STOCK IN 24 PCS', 23, 24, '2020-06-08', '2020-06-08 16:30:24', 13, NULL),
(231, 407, 'in', 'STOK IN 24 PCS', 23, 24, '2020-06-08', '2020-06-08 16:30:53', 13, NULL),
(232, 408, 'in', 'STOCK IN 30 PCS', 23, 30, '2020-06-08', '2020-06-08 16:31:24', 13, NULL),
(233, 409, 'in', 'STOK IN 10', 23, 10, '2020-06-08', '2020-06-08 16:32:19', 13, NULL),
(234, 410, 'in', 'STOCK IN', 23, 13, '2020-06-08', '2020-06-08 16:32:41', 13, NULL),
(239, 411, 'in', 'STOCK INI TONER 201 BLUE 2 PCS', 27, 2, '2020-06-08', '2020-06-08 17:11:01', 13, NULL),
(240, 413, 'in', 'TONER 201 BLACK STOCK IN', 27, 3, '2020-06-08', '2020-06-08 17:11:35', 13, NULL),
(241, 412, 'in', 'TONER 201 STOCK IN 2 PCS', 27, 2, '2020-06-08', '2020-06-08 17:12:13', 13, NULL),
(242, 414, 'in', 'TONER 201 YELLOW STOCK IN 3 PCS', 27, 3, '2020-06-08', '2020-06-08 17:12:41', 13, NULL),
(243, 415, 'in', 'STOCK IN TONER 103 YELLOW 1 ', 27, 1, '2020-06-08', '2020-06-08 17:13:05', 13, NULL),
(244, 416, 'in', 'STOCK IN TONER 103 BLUE', 27, 2, '2020-06-08', '2020-06-08 17:14:40', 13, NULL),
(245, 417, 'in', 'STOCK IN TONER 19 A BLACK', 27, 2, '2020-06-08', '2020-06-08 17:15:07', 13, NULL),
(246, 418, 'in', 'STOCK IN TONER 12 PCS', 27, 12, '2020-06-08', '2020-06-08 17:29:59', 13, NULL),
(247, 383, 'in', 'STOCK IN 55', 23, 55, '2020-06-09', '2020-06-09 16:30:13', 13, NULL),
(248, 382, 'in', 'STOCK IN', 23, 42, '2020-06-09', '2020-06-09 16:33:49', 13, NULL),
(249, 419, 'in', 'STOCK IN 3', 23, 3, '2020-06-09', '2020-06-09 16:47:57', 13, NULL),
(250, 420, 'in', 'STOK IN', 23, 119, '2020-06-09', '2020-06-09 17:01:14', 13, NULL),
(251, 421, 'in', 'STOCK IN 9 PCS', 23, 9, '2020-06-09', '2020-06-09 17:01:42', 13, NULL),
(252, 422, 'in', 'STOCK IN 10 PCS', 23, 12, '2020-06-09', '2020-06-09 17:02:30', 13, NULL),
(253, 310, 'in', 'STOK IN 20 PCS', 25, 20, '2020-06-09', '2020-06-09 17:05:53', 13, NULL),
(254, 304, 'in', 'STOK IN 7 PCS', 25, 7, '2020-06-09', '2020-06-09 17:07:53', 13, NULL),
(255, 423, 'in', 'STOCK IN 750', 25, 750, '2020-06-09', '2020-06-09 17:22:03', 13, NULL),
(256, 424, 'in', 'STOCK IN 450 PCS', 25, 450, '2020-06-09', '2020-06-09 17:22:36', 13, NULL),
(257, 424, 'in', 'STOCK IN 100 PCS ', 25, 100, '2020-06-09', '2020-06-09 17:23:45', 13, NULL),
(258, 416, 'out', 'salah toner', NULL, 2, '2020-06-17', '2020-06-17 16:27:47', 13, NULL),
(259, 381, 'in', 'tambah 23 ', 23, 23, '2020-06-15', '2020-06-17 16:56:33', 13, NULL),
(260, 336, 'in', 'tambah 11', 23, 11, '2020-06-15', '2020-06-17 16:57:00', 13, NULL),
(261, 425, 'in', 'tambah 1', 23, 1, '2020-06-17', '2020-06-17 16:57:46', 13, NULL),
(262, 360, 'in', '13', 23, 13, '2020-06-17', '2020-06-17 17:01:32', 13, NULL),
(263, 426, 'in', 'tambah 1', 23, 1, '2020-06-17', '2020-06-17 17:06:08', 13, NULL),
(264, 427, 'in', 'tambah 1', 23, 1, '2020-06-17', '2020-06-17 17:06:26', 13, NULL),
(265, 380, 'in', '13', 23, 13, '2020-06-17', '2020-06-17 17:06:56', 13, NULL),
(266, 384, 'in', 'tambah 7', 23, 7, '2020-06-17', '2020-06-17 17:07:26', 13, NULL),
(267, 430, 'in', '2', 23, 2, '2020-06-17', '2020-06-17 17:08:16', 13, NULL),
(268, 431, 'in', 'tambah 2', 27, 2, '2020-06-17', '2020-06-17 17:10:58', 13, NULL),
(269, 417, 'in', 'tambah 2', 27, 2, '2020-06-17', '2020-06-17 17:11:45', 13, NULL),
(270, 432, 'in', 'TAMBAH 7', 27, 7, '2020-06-17', '2020-06-17 17:21:16', 13, NULL),
(271, 433, 'in', 'TAMBAH 6', 27, 6, '2020-06-17', '2020-06-17 17:21:42', 13, NULL),
(272, 434, 'in', 'TAMBAH 6', 27, 6, '2020-06-17', '2020-06-17 17:22:15', 13, NULL),
(273, 435, 'in', 'TAMBAH 7', 27, 7, '2020-06-17', '2020-06-17 17:25:18', 13, NULL),
(274, 437, 'in', 'TAMBAH 2', 27, 2, '2020-06-17', '2020-06-17 17:27:05', 13, NULL),
(275, 438, 'in', 'TAMBAH 3', 27, 3, '2020-06-17', '2020-06-17 17:28:02', 13, NULL),
(276, 436, 'in', 'TINTA 932', 27, 2, '2020-06-17', '2020-06-17 17:28:25', 13, NULL),
(277, 404, 'in', '12 (salah input data)', 23, 12, '2020-06-24', '2020-06-24 14:48:58', 13, NULL),
(278, 405, 'in', '12', 23, 12, '2020-06-24', '2020-06-24 14:49:19', 13, NULL),
(279, 384, 'in', 'perubahan unit', 23, 116, '2020-06-24', '2020-06-24 14:56:13', 13, NULL),
(280, 430, 'in', 'perubahan unit', 23, 22, '2020-06-24', '2020-06-24 14:58:17', 13, NULL),
(281, 439, 'in', '1 pack ', 23, 1, '2020-06-24', '2020-06-24 15:03:37', 13, NULL),
(282, 440, 'in', 'Pembelian power extension untuk pak nudie', 412, 1, '2020-06-24', '2020-06-24 15:50:47', 13, NULL),
(283, 441, 'in', '8 pcs', 23, 8, '2020-06-24', '2020-06-24 15:56:11', 13, NULL),
(284, 442, 'in', '9 pcs', 23, 9, '2020-06-24', '2020-06-24 15:56:55', 13, NULL),
(285, 343, 'in', '59', 23, 59, '2020-06-24', '2020-06-24 16:33:54', 13, NULL),
(286, 444, 'in', '3', 23, 3, '2020-06-24', '2020-06-24 16:34:22', 13, NULL),
(288, 446, 'in', '14', 23, 14, '2020-06-24', '2020-06-24 16:35:09', 13, NULL),
(289, 445, 'in', '2', 23, 8, '2020-06-24', '2020-06-24 16:35:36', 13, NULL),
(290, 443, 'in', '108', 25, 108, '2020-06-24', '2020-06-24 16:37:00', 13, NULL),
(291, 447, 'in', '20', 23, 20, '2020-06-24', '2020-06-24 16:40:03', 13, NULL),
(292, 450, 'in', '1', 23, 1, '2020-06-24', '2020-06-24 16:44:41', 13, NULL),
(293, 449, 'in', '1', 23, 1, '2020-06-24', '2020-06-24 16:45:10', 13, NULL),
(294, 448, 'in', '1', 23, 1, '2020-06-24', '2020-06-24 16:45:27', 13, NULL),
(295, 306, 'in', '100 pcs', 25, 100, '2020-06-24', '2020-06-24 17:00:57', 13, NULL),
(296, 304, 'in', '60 pcs', 25, 60, '2020-06-24', '2020-06-24 17:01:16', 13, NULL),
(298, 295, 'out', 'salah input', NULL, 6, '2020-06-24', '2020-06-24 17:18:41', 13, NULL),
(299, 384, 'out', 'salah input', NULL, 42, '2020-06-24', '2020-06-24 17:20:59', 13, NULL),
(300, 319, 'in', '8000 pcs', 25, 795, '2020-06-26', '2020-06-26 13:10:49', 13, NULL),
(301, 305, 'out', 'salan  data', NULL, 50, '2020-07-02', '2020-07-02 14:46:02', 13, NULL),
(302, 293, 'in', 'tsettttttt', 23, 50, '2020-07-29', '2020-07-29 09:18:58', 10, NULL),
(303, 293, 'out', '50', NULL, 50, '2020-07-29', '2020-07-29 09:19:28', 10, NULL),
(304, 451, 'out', '1', NULL, 1, '2020-07-29', '2020-07-29 09:47:30', 10, NULL),
(305, 295, 'out', 'fddddg', NULL, 10, '2020-07-29', '2020-07-29 09:54:21', 10, NULL),
(306, 296, 'out', 'jhhgjhb', NULL, 10, '2020-07-29', '2020-07-29 09:55:25', 10, NULL),
(307, 297, 'out', '100', NULL, 100, '2020-07-29', '2020-07-29 09:56:04', 10, NULL),
(308, 293, 'out', 'test', NULL, 1, '2020-07-29', '2020-07-29 09:57:36', 10, NULL),
(309, 293, 'out', '100', NULL, 100, '2020-07-29', '2020-07-29 09:57:50', 10, NULL),
(310, 552, 'in', '4 pcs', 23, 4, '2020-08-03', '2020-08-03 15:12:39', 13, NULL),
(311, 551, 'in', '1 pcs', 23, 1, '2020-08-03', '2020-08-03 15:12:58', 13, NULL),
(312, 481, 'in', '1 pcs', 23, 1, '2020-08-03', '2020-08-03 15:52:58', 13, NULL),
(313, 465, 'in', '3', 23, 3, '2020-08-03', '2020-08-03 16:36:30', 13, NULL),
(314, 534, 'in', '84 pcs', 23, 84, '2020-08-03', '2020-08-03 16:44:24', 13, NULL),
(315, 600, 'in', '1 dus', 23, 1, '2020-08-03', '2020-08-03 17:19:40', 13, NULL),
(316, 638, 'in', '20 rim', 413, 20, '2020-08-07', '2020-08-07 15:33:21', 10, NULL),
(317, 510, 'in', '10 Rim', 413, 10, '2020-08-07', '2020-08-07 15:33:58', 10, NULL),
(318, 511, 'in', '5 Rim', 413, 5, '2020-08-07', '2020-08-07 15:37:33', 10, NULL),
(321, 639, 'in', '120 PCS', 413, 120, '2020-08-07', '2020-08-07 15:44:42', 10, NULL),
(322, 565, 'in', '120 PCS', 413, 120, '2020-08-07', '2020-08-07 15:47:02', 10, NULL),
(323, 485, 'in', '120 PCS', 413, 120, '2020-08-07', '2020-08-07 15:51:59', 10, NULL),
(324, 486, 'in', '120 PCS', 413, 120, '2020-08-07', '2020-08-07 15:53:33', 10, NULL),
(325, 558, 'in', '10 Pack', 413, 10, '2020-08-07', '2020-08-07 16:12:11', 10, NULL),
(326, 559, 'in', '10 Pack', 413, 10, '2020-08-07', '2020-08-07 16:12:42', 10, NULL),
(327, 540, 'in', '6 dus', 413, 6, '2020-08-07', '2020-08-07 16:14:02', 10, NULL),
(328, 640, 'in', '1 dus', 413, 1, '2020-08-07', '2020-08-07 16:16:06', 10, NULL),
(329, 465, 'in', '24 PACK', 413, 24, '2020-08-07', '2020-08-07 16:19:24', 10, NULL),
(330, 467, 'in', '24 PACK', 413, 24, '2020-08-07', '2020-08-07 16:19:51', 10, NULL),
(331, 476, 'in', '10 PCS', 413, 10, '2020-08-07', '2020-08-07 16:20:52', 10, NULL),
(332, 522, 'in', '6', 413, 6, '2020-08-07', '2020-08-07 16:22:04', 10, NULL),
(333, 600, 'in', '1 dus', 413, 1, '2020-08-07', '2020-08-07 16:22:21', 10, NULL),
(334, 642, 'in', 'Toner 130 Yellow', 27, 1, '2020-08-13', '2020-10-06 14:28:53', 10, NULL),
(336, 626, 'in', 'Toner 130 Black', 27, 1, '2020-09-08', '2020-10-06 14:31:51', 10, NULL),
(337, 643, 'in', 'Toner 130 ', 27, 1, '2020-10-06', '2020-10-06 14:33:12', 10, NULL),
(338, 635, 'in', '9', 27, 9, '2020-09-02', '2020-10-06 16:06:57', 10, NULL),
(340, 546, 'in', '58 PCS', 25, 58, '2020-09-21', '2020-10-06 16:09:11', 10, NULL),
(341, 468, 'in', '128 PCS', 25, 128, '2020-09-21', '2020-10-06 16:09:39', 10, NULL),
(342, 512, 'in', '5 RIM', 25, 5, '2020-09-21', '2020-10-06 16:10:15', 10, NULL),
(343, 510, 'in', '20 RIM', 413, 20, '2020-10-14', '2020-10-06 16:11:41', 10, NULL),
(344, 641, 'in', '4 RIM', 413, 4, '2020-10-06', '2020-10-06 16:12:11', 10, NULL),
(345, 511, 'in', '1', 413, 1, '2020-09-14', '2020-10-06 16:12:53', 10, NULL),
(346, 614, 'in', '3 PCS', 413, 3, '2020-09-14', '2020-10-06 16:13:39', 10, NULL),
(347, 618, 'in', '3 PCS', 413, 3, '2020-09-14', '2020-10-06 16:16:32', 10, NULL),
(349, 613, 'in', 'Tinta ', 413, 3, '2020-09-14', '2020-10-06 16:24:57', 10, NULL),
(350, 600, 'in', '1 dus', 413, 1, '2020-09-14', '2020-10-06 16:27:36', 10, NULL),
(351, 540, 'in', '5', 413, 5, '2020-09-14', '2020-10-06 16:30:12', 10, NULL),
(352, 644, 'in', '6 DUS', 413, 6, '2020-09-14', '2020-10-06 16:34:02', 10, NULL),
(353, 506, 'in', '100 PACK', 413, 100, '2020-09-14', '2020-10-06 16:35:25', 10, NULL),
(354, 467, 'in', '20 PACK', 413, 20, '2020-09-06', '2020-10-06 16:36:08', 10, NULL),
(355, 645, 'in', '4', 301, 4, '2020-09-23', '2020-10-06 16:40:36', 10, NULL),
(356, 646, 'in', '2 PCS', 301, 2, '2020-09-23', '2020-10-06 16:41:25', 10, NULL),
(357, 647, 'in', '2 PCS', 301, 2, '2020-09-23', '2020-10-06 16:42:02', 10, NULL),
(358, 534, 'in', '50 PCS', 414, 50, '2020-09-07', '2020-10-06 17:31:12', 10, NULL),
(359, 644, 'in', '4', 413, 4, '2020-09-14', '2020-10-06 17:40:13', 10, NULL),
(360, 615, 'in', '3', 413, 3, '2020-10-07', '2020-10-07 12:08:14', 10, NULL),
(361, 510, 'in', '30 RIM ', 413, 30, '2020-10-09', '2020-10-09 16:41:59', 10, NULL),
(362, 565, 'in', '43', 413, 43, '2020-09-15', '2020-10-09 16:59:24', 10, NULL),
(364, 532, 'in', '20', 413, 20, '2020-10-30', '2020-10-30 13:23:13', 10, NULL),
(365, 537, 'in', '3', 413, 3, '2020-10-30', '2020-10-30 13:23:53', 10, NULL),
(366, 562, 'in', '24', 413, 24, '2020-10-30', '2020-10-30 13:24:32', 10, NULL),
(367, 589, 'in', '10', 413, 10, '2020-10-30', '2020-10-30 13:24:56', 10, NULL),
(368, 540, 'in', '5', 413, 5, '2020-10-30', '2020-10-30 13:25:47', 10, NULL),
(369, 600, 'in', '1', 413, 1, '2020-10-30', '2020-10-30 13:26:12', 10, NULL),
(370, 576, 'in', '24', 413, 24, '2020-10-30', '2020-10-30 13:26:46', 10, NULL),
(371, 581, 'in', '24', 413, 24, '2020-10-30', '2020-10-30 13:27:19', 10, NULL),
(372, 561, 'in', '2', 413, 2, '2020-10-30', '2020-10-30 14:02:08', 10, NULL),
(373, 649, 'in', '10', 413, 10, '2020-10-30', '2020-10-30 14:04:48', 10, NULL),
(374, 650, 'in', '1', 413, 1, '2020-10-30', '2020-10-30 14:06:18', 10, NULL),
(375, 618, 'in', '2', 413, 2, '2020-10-30', '2020-10-30 14:06:44', 10, NULL),
(376, 613, 'in', '1', 413, 2, '2020-10-30', '2020-10-30 14:07:02', 10, NULL),
(377, 614, 'in', '2', 413, 2, '2020-10-30', '2020-10-30 14:07:24', 10, NULL),
(378, 615, 'in', '2', 413, 2, '2020-10-30', '2020-10-30 14:07:44', 10, NULL),
(379, 488, 'in', '64', 327, 64, '2020-10-30', '2020-10-30 14:20:26', 10, NULL);

-- --------------------------------------------------------

--
-- Table structure for table `unit`
--

CREATE TABLE `unit` (
  `unit_id` int(11) NOT NULL,
  `name` varchar(225) NOT NULL,
  `created` datetime NOT NULL DEFAULT CURRENT_TIMESTAMP,
  `updated` datetime DEFAULT NULL
) ENGINE=InnoDB DEFAULT CHARSET=latin1;

--
-- Dumping data for table `unit`
--

INSERT INTO `unit` (`unit_id`, `name`, `created`, `updated`) VALUES
(144, 'PCS', '2020-06-01 00:00:00', '0000-00-00 00:00:00'),
(145, 'PACK', '2020-06-01 00:00:00', '0000-00-00 00:00:00'),
(146, 'DUS', '2020-06-01 00:00:00', '0000-00-00 00:00:00'),
(147, 'RIM', '2020-06-01 00:00:00', '0000-00-00 00:00:00');

--
-- Indexes for dumped tables
--

--
-- Indexes for table `aset_kendaraan`
--
ALTER TABLE `aset_kendaraan`
  ADD PRIMARY KEY (`id_aset_kendaraan`);

--
-- Indexes for table `category`
--
ALTER TABLE `category`
  ADD PRIMARY KEY (`category_id`);

--
-- Indexes for table `departement`
--
ALTER TABLE `departement`
  ADD PRIMARY KEY (`departement_id`);

--
-- Indexes for table `item`
--
ALTER TABLE `item`
  ADD PRIMARY KEY (`item_id`),
  ADD UNIQUE KEY `barcode` (`barcode`),
  ADD KEY `category_id` (`category_id`),
  ADD KEY `unit_id` (`unit_id`);

--
-- Indexes for table `karyawan`
--
ALTER TABLE `karyawan`
  ADD PRIMARY KEY (`karyawan_id`),
  ADD UNIQUE KEY `nik` (`nik`);

--
-- Indexes for table `legal`
--
ALTER TABLE `legal`
  ADD PRIMARY KEY (`legal_id`);

--
-- Indexes for table `login`
--
ALTER TABLE `login`
  ADD PRIMARY KEY (`user_id`);

--
-- Indexes for table `lokasi`
--
ALTER TABLE `lokasi`
  ADD PRIMARY KEY (`lokasi_id`);

--
-- Indexes for table `sewa_bangunan`
--
ALTER TABLE `sewa_bangunan`
  ADD PRIMARY KEY (`id_sewa_bangunan`);

--
-- Indexes for table `sewa_kendaraan`
--
ALTER TABLE `sewa_kendaraan`
  ADD PRIMARY KEY (`id_sewaKendaraan`);

--
-- Indexes for table `supplier`
--
ALTER TABLE `supplier`
  ADD PRIMARY KEY (`supplier_id`);

--
-- Indexes for table `t_chart`
--
ALTER TABLE `t_chart`
  ADD PRIMARY KEY (`cart_id`),
  ADD KEY `item_id` (`item_id`),
  ADD KEY `user_id` (`user_id`);

--
-- Indexes for table `t_sale`
--
ALTER TABLE `t_sale`
  ADD PRIMARY KEY (`sale_id`);

--
-- Indexes for table `t_sale_detail`
--
ALTER TABLE `t_sale_detail`
  ADD PRIMARY KEY (`detail_id`),
  ADD KEY `item_id` (`item_id`);

--
-- Indexes for table `t_stock`
--
ALTER TABLE `t_stock`
  ADD PRIMARY KEY (`stock_id`),
  ADD KEY `supplier_id` (`supplier_id`),
  ADD KEY `user_id` (`user_id`),
  ADD KEY `t_stock_ibfk_1` (`item_id`);

--
-- Indexes for table `unit`
--
ALTER TABLE `unit`
  ADD PRIMARY KEY (`unit_id`);

--
-- AUTO_INCREMENT for dumped tables
--

--
-- AUTO_INCREMENT for table `aset_kendaraan`
--
ALTER TABLE `aset_kendaraan`
  MODIFY `id_aset_kendaraan` int(11) NOT NULL AUTO_INCREMENT, AUTO_INCREMENT=31;

--
-- AUTO_INCREMENT for table `category`
--
ALTER TABLE `category`
  MODIFY `category_id` int(11) NOT NULL AUTO_INCREMENT, AUTO_INCREMENT=158;

--
-- AUTO_INCREMENT for table `departement`
--
ALTER TABLE `departement`
  MODIFY `departement_id` int(11) NOT NULL AUTO_INCREMENT, AUTO_INCREMENT=11;

--
-- AUTO_INCREMENT for table `item`
--
ALTER TABLE `item`
  MODIFY `item_id` int(11) NOT NULL AUTO_INCREMENT, AUTO_INCREMENT=651;

--
-- AUTO_INCREMENT for table `karyawan`
--
ALTER TABLE `karyawan`
  MODIFY `karyawan_id` int(11) NOT NULL AUTO_INCREMENT, AUTO_INCREMENT=125;

--
-- AUTO_INCREMENT for table `legal`
--
ALTER TABLE `legal`
  MODIFY `legal_id` int(11) NOT NULL AUTO_INCREMENT, AUTO_INCREMENT=2;

--
-- AUTO_INCREMENT for table `login`
--
ALTER TABLE `login`
  MODIFY `user_id` int(11) NOT NULL AUTO_INCREMENT, AUTO_INCREMENT=16;

--
-- AUTO_INCREMENT for table `lokasi`
--
ALTER TABLE `lokasi`
  MODIFY `lokasi_id` int(11) NOT NULL AUTO_INCREMENT, AUTO_INCREMENT=10;

--
-- AUTO_INCREMENT for table `sewa_bangunan`
--
ALTER TABLE `sewa_bangunan`
  MODIFY `id_sewa_bangunan` int(11) NOT NULL AUTO_INCREMENT, AUTO_INCREMENT=3;

--
-- AUTO_INCREMENT for table `sewa_kendaraan`
--
ALTER TABLE `sewa_kendaraan`
  MODIFY `id_sewaKendaraan` int(11) NOT NULL AUTO_INCREMENT, AUTO_INCREMENT=2;

--
-- AUTO_INCREMENT for table `supplier`
--
ALTER TABLE `supplier`
  MODIFY `supplier_id` int(11) NOT NULL AUTO_INCREMENT, AUTO_INCREMENT=415;

--
-- AUTO_INCREMENT for table `t_sale`
--
ALTER TABLE `t_sale`
  MODIFY `sale_id` int(11) NOT NULL AUTO_INCREMENT, AUTO_INCREMENT=159;

--
-- AUTO_INCREMENT for table `t_sale_detail`
--
ALTER TABLE `t_sale_detail`
  MODIFY `detail_id` int(11) NOT NULL AUTO_INCREMENT, AUTO_INCREMENT=359;

--
-- AUTO_INCREMENT for table `t_stock`
--
ALTER TABLE `t_stock`
  MODIFY `stock_id` int(11) NOT NULL AUTO_INCREMENT, AUTO_INCREMENT=380;

--
-- AUTO_INCREMENT for table `unit`
--
ALTER TABLE `unit`
  MODIFY `unit_id` int(11) NOT NULL AUTO_INCREMENT, AUTO_INCREMENT=148;
COMMIT;

/*!40101 SET CHARACTER_SET_CLIENT=@OLD_CHARACTER_SET_CLIENT */;
/*!40101 SET CHARACTER_SET_RESULTS=@OLD_CHARACTER_SET_RESULTS */;
/*!40101 SET COLLATION_CONNECTION=@OLD_COLLATION_CONNECTION */;
